variable,analysis_role,label,unit_or_scale,higher_is_better,definition,missing_value_rule
specified_estimated_adjusted_mutation_score,primary,Estimated adjusted mutation score,proportion,True,Estimated specified-layer killed-mutant proportion after design-weighted equivalent-mutant adjustment; not an exhaustive exact score.,NA when undefined; never replace with zero in the primary analysis.
mutation_generation_efficiency_per_second,primary,Mutation generation efficiency (score per second),rate,True,Estimated adjusted mutation score divided by self-reported total generation time in seconds.,NA when undefined; never replace with zero in the primary analysis.
test_smell_density,primary,Test smell density,proportion,False,"Confirmed (eligible source test, smell type) pairs divided by eligible source tests times seven frozen smell types.",NA when undefined; never replace with zero in the primary analysis.
syntax_error_rate,secondary,Syntax error rate,proportion,False,Syntax-error pytest items divided by generated pytest items.,NA when undefined; never replace with zero in the primary analysis.
runtime_error_rate,secondary,Runtime error rate,proportion,False,Runtime-error pytest items divided by generated pytest items.,NA when undefined; never replace with zero in the primary analysis.
function_error_rate,secondary,Function error rate,proportion,False,Function-error pytest items divided by generated pytest items.,NA when undefined; never replace with zero in the primary analysis.
participant_statement_coverage,secondary,Statement coverage,proportion,True,Statements covered by valid participant tests divided by measurable statements.,NA when undefined; never replace with zero in the primary analysis.
participant_branch_coverage,secondary,Branch coverage,proportion,True,Branches covered by valid participant tests divided by measurable branches.,NA when undefined; never replace with zero in the primary analysis.
assertion_score,secondary,Assertion score,proportion,True,Eligible source test functions with a non-trivial SUT-related oracle divided by eligible source test functions.,NA when undefined; never replace with zero in the primary analysis.
generation_time_seconds,secondary,Generation time (seconds),seconds,False,"Self-reported total task time, including comprehension time, in seconds.",NA when undefined; never replace with zero in the primary analysis.
execution_time_seconds,secondary,Execution time (seconds),seconds,False,Median wall-clock seconds from 15 fresh pytest-process measurements of valid participant tests.,NA when undefined; never replace with zero in the primary analysis.
statement_generation_efficiency_per_second,secondary,Statement generation efficiency (coverage per second),rate,True,Statement coverage divided by generation time in seconds.,NA when undefined; never replace with zero in the primary analysis.
branch_generation_efficiency_per_second,secondary,Branch generation efficiency (coverage per second),rate,True,Branch coverage divided by generation time in seconds.,NA when undefined; never replace with zero in the primary analysis.
statement_execution_efficiency_per_second,secondary,Statement execution efficiency (coverage per second),rate,True,Statement coverage divided by median execution time in seconds.,NA when undefined; never replace with zero in the primary analysis.
branch_execution_efficiency_per_second,secondary,Branch execution efficiency (coverage per second),rate,True,Branch coverage divided by median execution time in seconds.,NA when undefined; never replace with zero in the primary analysis.
mutation_execution_efficiency_per_second,secondary,Mutation execution efficiency (score per second),rate,True,Estimated adjusted mutation score divided by median execution time in seconds.,NA when undefined; never replace with zero in the primary analysis.
