metric,group,n,mean,standard_deviation,median,first_quartile,third_quartile,minimum,maximum
specified_estimated_adjusted_mutation_score,AI,6,0.6908526021888003,0.0018535212238080957,0.6913340651028935,0.6897397247488005,0.6922098765992288,0.6880425335876458,0.6926948576105929
specified_estimated_adjusted_mutation_score,Manual,8,0.34838153588521914,0.2872182411496674,0.4093500135338624,0.06041233960753185,0.5588329781577785,0.0,0.6868621234081405
mutation_generation_efficiency_per_second,AI,6,0.0003571606663333333,8.777233947589356e-05,0.00031787138600000004,0.00030434181675,0.000430680922,0.000268487837,0.000470617328
mutation_generation_efficiency_per_second,Manual,8,8.0952589125e-05,7.642531275055747e-05,7.57290535e-05,1.1820062249999999e-05,0.000123352202,0.0,0.000204897983
test_smell_density,AI,6,0.033333,0.011664470155133494,0.028571,0.028571,0.028571,0.028571,0.057143
test_smell_density,Manual,6,0.126984,0.08783951111430437,0.11428550000000001,0.06428575,0.142857,0.047619,0.285714
syntax_error_rate,AI,6,0.0,0.0,0.0,0.0,0.0,0.0,0.0
syntax_error_rate,Manual,8,0.1,0.28284271247461906,0.0,0.0,0.0,0.0,0.8
runtime_error_rate,AI,6,0.0,0.0,0.0,0.0,0.0,0.0,0.0
runtime_error_rate,Manual,8,0.225,0.34537764010675953,0.1,0.0,0.25,0.0,1.0
function_error_rate,AI,6,0.0,0.0,0.0,0.0,0.0,0.0,0.0
function_error_rate,Manual,8,0.09375,0.18600595228571123,0.0,0.0,0.0625,0.0,0.5
participant_statement_coverage,AI,6,0.7197953333333333,0.0001492389582738507,0.719699,0.719699,0.71991575,0.719699,0.719988
participant_statement_coverage,Manual,6,0.6054863333333333,0.15142497409036154,0.6459360000000001,0.5749202499999999,0.71608325,0.330633,0.719699
participant_branch_coverage,AI,6,0.6254403333333333,0.0003893639257387357,0.625189,0.625189,0.6257545,0.625189,0.625943
participant_branch_coverage,Manual,6,0.46304666666666666,0.2013460573775078,0.5082955,0.38970575,0.6234915,0.124434,0.625189
assertion_score,AI,6,1.0,0.0,1.0,1.0,1.0,1.0,1.0
assertion_score,Manual,6,0.6277778333333334,0.37143366587880355,0.6333335,0.525,0.91666675,0.0,1.0
generation_time_seconds,AI,6,2026.1666666666667,451.7315205591333,2179.5,1643.75,2272.75,1462.0,2567.0
generation_time_seconds,Manual,8,4641.25,847.5665587011863,4929.0,3993.0,5400.0,3337.0,5411.0
execution_time_seconds,AI,6,0.3151851873333333,0.22695576095661793,0.2235638955,0.22078436424999998,0.22521005225000001,0.219932958,0.77843375
execution_time_seconds,Manual,6,0.2336559305,0.0958858435226222,0.20118425,0.1837406355,0.28379936424999996,0.123509125,0.386794125
statement_generation_efficiency_per_second,AI,6,0.00037215938083333335,9.170796436653302e-05,0.00033059917099999996,0.00031667161725,0.00044788500775,0.000280478379,0.000492270178
statement_generation_efficiency_per_second,Manual,6,0.000136268597,5.4387829206160664e-05,0.000128904767,0.00010630459024999999,0.00016772713025,6.4690472e-05,0.00021567246
branch_generation_efficiency_per_second,AI,6,0.00032337677566666664,7.970768306255284e-05,0.000287185289,0.0002750866845,0.00038932245475,0.000243842228,0.000427625855
branch_generation_efficiency_per_second,Manual,6,0.00010647199699999999,6.038690600187266e-05,0.0001020630605,7.205807225e-05,0.00014623015925,2.4346312e-05,0.000187350614
statement_execution_efficiency_per_second,AI,6,2.8498792046598336,0.9438088671983668,3.2192146154265,3.19571798467925,3.260860423915,0.924547528932,3.273670333666
statement_execution_efficiency_per_second,Manual,6,2.7381803826821667,0.561891010698089,2.9007139744029997,2.4263146761,3.12898508617175,1.847964986542,3.306432327318
branch_execution_efficiency_per_second,AI,6,2.476398768830667,0.8202803560482324,2.7964712556275,2.7760601739382498,2.8343631637735003,0.803137068505,2.84606275336
branch_execution_efficiency_per_second,Manual,6,1.9629534980273335,0.6197174806093255,2.0771064150195,1.7185120453609999,2.12787931339675,1.00748831311,2.872235643351
mutation_execution_efficiency_per_second,AI,6,2.734246944472167,0.9041430421588961,3.0849673648025,3.0680450661445002,3.1221846587715003,0.889857174886,3.148695038989
mutation_execution_efficiency_per_second,Manual,6,1.9513630376261666,0.8186649517339517,1.9958340611995,1.712230055772,2.2279987589195,0.652176801863,3.141250922706
