participant_number,status,group,comprehension_time_seconds,generation_time_seconds,suite_collectable,total_generated_test_cases,valid_test_count,syntax_error_count,runtime_error_count,function_error_count,syntax_error_rate,runtime_error_rate,function_error_rate,valid_tests_included,invalid_tests_excluded,participant_statement_coverage,participant_branch_coverage,invalid_test_count,non_trivial_test_count,trivial_test_count,assertionless_test_count,uncertain_test_count,assertion_score,specified_raw_mutation_score,specified_estimated_adjusted_mutation_score,specified_mutation_score_ci95_lower,specified_mutation_score_ci95_upper,specified_interval_half_width,specified_stopping_interval_half_width,all_primary_intervals_within_target,execution_metric_status,execution_time_seconds,coefficient_of_variation,cv_review_required,statement_generation_efficiency_per_second,branch_generation_efficiency_per_second,mutation_generation_efficiency_per_second,mutation_generation_efficiency_ci95_lower_per_second,mutation_generation_efficiency_ci95_upper_per_second,statement_execution_efficiency_per_second,branch_execution_efficiency_per_second,mutation_execution_efficiency_per_second,mutation_execution_efficiency_ci95_lower_per_second,mutation_execution_efficiency_ci95_upper_per_second,eligible_test_count,smelly_test_count,confirmed_pair_count,uncertain_pair_count,assertion_roulette_count,magic_number_test_count,unknown_test_count,conditional_test_logic_count,eager_test_count,duplicate_assert_count,exception_handling_count,smelly_test_rate,mean_smells_per_test,test_smell_density
1,collected,Manual,260.0,3337.0,True,5.0,5.0,0.0,0.0,0.0,0.0,0.0,0.0,5.0,0.0,0.719699,0.625189,0.0,5.0,0.0,0.0,0.0,1.0,0.6515450361604208,0.683744569378211,0.6588792718905601,0.7105602434951208,0.0258404858022803,0.0329594908328935,True,collected,0.217666333,0.031345854,False,0.00021567246,0.000187350614,0.000204897983,0.00019744659,0.000212933846,3.306432327318,2.872235643351,3.141250922706,3.027015077663,3.264447164161,5.0,2.0,2.0,0.0,1.0,0.0,0.0,1.0,0.0,0.0,0.0,0.4,0.4,0.057143
2,collected,AI,489.0,1462.0,True,5.0,5.0,0.0,0.0,0.0,0.0,0.0,0.0,5.0,0.0,0.719699,0.625189,0.0,5.0,0.0,0.0,0.0,1.0,0.6556334940815431,0.6880425335876458,0.663015388268059,0.7150332198024474,0.0260089157671942,0.03317433655155,True,collected,0.223280083,0.006724243,False,0.000492270178,0.000427625855,0.000470617328,0.000453498898,0.00048907881,3.223301381521,2.800021352554,3.081522204502,2.969433634025,3.202404845946,5.0,1.0,1.0,0.0,0.0,0.0,0.0,1.0,0.0,0.0,0.0,0.2,0.2,0.028571
3,collected,AI,310.0,2105.0,True,5.0,5.0,0.0,0.0,0.0,0.0,0.0,0.0,5.0,0.0,0.719699,0.625189,0.0,5.0,0.0,0.0,0.0,1.0,0.6587771203155819,0.6913340651028935,0.6661927653222414,0.7184473904965802,0.0261273125871694,0.0333253378552566,True,collected,0.223847708,0.007778077,False,0.000341899762,0.0002970019,0.000328424734,0.000316481124,0.000341305174,3.215127849332,2.792921158701,3.088412525103,2.976098219966,3.209536505491,5.0,1.0,1.0,0.0,0.0,0.0,0.0,1.0,0.0,0.0,0.0,0.2,0.2,0.028571
4,collected,Manual,574.0,5400.0,False,5.0,0.0,4.0,1.0,0.0,0.8,0.2,0.0,0.0,5.0,,,5.0,0.0,0.0,0.0,0.0,,0.0,0.0,0.0,0.0,0.0,0.0,True,no_valid_tests,,,,,,0.0,0.0,0.0,,,,,,0.0,0.0,0.0,0.0,0.0,0.0,0.0,0.0,0.0,0.0,0.0,,,
5,collected,Manual,806.0,4124.0,True,5.0,5.0,0.0,0.0,0.0,0.0,0.0,0.0,5.0,0.0,0.714782,0.62368,0.0,3.0,2.0,0.0,0.0,0.6,0.6544376098418277,0.6868621234081405,0.6618224092500441,0.7138710722516383,0.026024331500797,0.0331941360651994,True,collected,0.386794125,0.004824846,False,0.000173322502,0.000151231814,0.000166552406,0.000160480701,0.000173101618,1.847964986542,1.612434004782,1.775782203021,1.711045660919,1.845609915227,5.0,2.0,3.0,0.0,1.0,0.0,0.0,1.0,0.0,0.0,1.0,0.4,0.6,0.085714
6,collected,Manual,2096.0,3600.0,False,1.0,0.0,0.0,1.0,0.0,0.0,1.0,0.0,0.0,1.0,,,5.0,0.0,0.0,0.0,0.0,,0.0,0.0,0.0,0.0,0.0,0.0,True,no_valid_tests,,,,,,0.0,0.0,0.0,,,,,,0.0,0.0,0.0,0.0,0.0,0.0,0.0,0.0,0.0,0.0,0.0,,,
7,collected,AI,402.0,1490.0,True,5.0,5.0,0.0,0.0,0.0,0.0,0.0,0.0,5.0,0.0,0.719988,0.625943,0.0,5.0,0.0,0.0,0.0,1.0,0.6598684210526315,0.6925018137646739,0.6673012923267927,0.7196804243422457,0.0261895660077264,0.0334047831374402,True,collected,0.219932958,0.004875429,False,0.000483213423,0.000420095973,0.000464766318,0.000447853216,0.000483006996,3.273670333666,2.84606275336,3.148695038989,3.034112296743,3.272271836321,5.0,1.0,1.0,0.0,0.0,0.0,0.0,1.0,0.0,0.0,0.0,0.2,0.2,0.028571
8,collected,Manual,1547.0,5411.0,True,2.0,1.0,0.0,0.0,1.0,0.0,0.0,0.5,1.0,1.0,0.574197,0.388386,4.0,0.0,0.0,0.0,1.0,0.0,0.3875297683481273,0.4064380723181224,0.3918385921332769,0.4221675775449995,0.0151644927058612,0.0193418458328022,True,collected,0.183420125,0.011926412,False,0.000106116614,7.1777121e-05,7.5113301e-05,7.241519e-05,7.8020251e-05,3.130501628434,2.117466662941,2.215885919378,2.136290072495,2.301642622613,1.0,1.0,1.0,0.0,0.0,0.0,0.0,1.0,0.0,0.0,0.0,1.0,1.0,0.142857
9,collected,Manual,224.0,5111.0,True,5.0,3.0,0.0,2.0,0.0,0.0,0.4,0.0,3.0,2.0,0.330633,0.124434,3.0,0.0,0.0,2.0,0.0,0.0,0.0768740709280102,0.0805497861433758,0.0777122957880848,0.083602338199858,0.0029450212058865,0.0037561548366894,True,collected,0.123509125,0.011944233,False,6.4690472e-05,2.4346312e-05,1.5760083e-05,1.520491e-05,1.6357335e-05,2.676992489421,1.00748831311,0.652176801863,0.629202868922,0.67689199644,2.0,2.0,4.0,0.0,0.0,0.0,2.0,1.0,0.0,0.0,1.0,1.0,2.0,0.285714
10,collected,AI,1009.0,2567.0,True,5.0,5.0,0.0,0.0,0.0,0.0,0.0,0.0,5.0,0.0,0.719988,0.625943,0.0,5.0,0.0,0.0,0.0,1.0,0.6567229655626233,0.6892082779641029,0.664122046768524,0.7162640982821125,0.0260710257567942,0.0332535987624086,True,collected,0.219952458,0.00826351,False,0.000280478379,0.000243842228,0.000268487837,0.00025871525,0.000279027697,3.273380104713,2.84581043418,3.133442036661,3.019389066198,3.256449620045,5.0,1.0,1.0,0.0,0.0,0.0,0.0,1.0,0.0,0.0,0.0,0.2,0.2,0.028571
11,collected,AI,346.0,2254.0,True,656.0,656.0,0.0,0.0,0.0,0.0,0.0,0.0,656.0,0.0,0.719699,0.625189,0.0,5.0,0.0,0.0,0.0,1.0,0.6601878139331732,0.6926948576105929,0.667593080068928,0.7197580601031411,0.0260824900171065,0.0332679495497504,True,collected,0.77843375,0.01559052,False,0.00031929858,0.000277368678,0.000307318038,0.000296181491,0.000319324783,0.924547528932,0.803137068505,0.889857174886,0.857610657386,0.924623399362,5.0,1.0,1.0,0.0,1.0,0.0,0.0,0.0,0.0,0.0,0.0,0.2,0.2,0.028571
12,collected,AI,349.0,2279.0,True,5.0,5.0,0.0,0.0,0.0,0.0,0.0,0.0,5.0,0.0,0.719699,0.625189,0.0,5.0,0.0,0.0,0.0,1.0,0.6587771203155819,0.6913340651028935,0.6661927653222414,0.7184473904965802,0.0261273125871694,0.0333253378552566,True,collected,0.225664167,0.008878866,False,0.000315795963,0.00027432602,0.000303349743,0.000292318019,0.000315246771,3.189248029795,2.770439845684,3.063552686692,2.952142443254,3.183701692864,5.0,2.0,2.0,0.0,1.0,0.0,0.0,1.0,0.0,0.0,0.0,0.4,0.4,0.057143
14,collected,Manual,690.0,5400.0,True,4.0,3.0,0.0,0.0,1.0,0.0,0.0,0.25,3.0,1.0,0.57709,0.393665,2.0,2.0,0.0,1.0,0.0,0.666667,0.3930660888407367,0.4122619547496024,0.3974402993962314,0.4282319151886478,0.0153958078962082,0.0196369123256549,True,collected,0.184702167,0.007374154,False,0.000106868519,7.2900926e-05,7.6344806e-05,7.3600055e-05,7.9302207e-05,3.124435459385,2.131350196882,2.2320363721,2.151790127055,2.318499680562,3.0,1.0,1.0,0.0,0.0,0.0,1.0,0.0,0.0,0.0,0.0,0.333333,0.333333,0.047619
16,collected,Manual,585.0,4747.0,True,5.0,4.0,0.0,1.0,0.0,0.0,0.2,0.0,4.0,1.0,0.716517,0.622926,1.0,2.0,0.0,2.0,0.0,0.5,0.492737676056338,0.5171957810843011,0.4983077220705598,0.5375721343871496,0.0196322061582948,0.0250410383810571,True,collected,0.305843708,0.035081477,False,0.000150941015,0.000131225195,0.000108952134,0.000104973188,0.000113244604,2.342755404993,2.036746167098,1.691046006689,1.62928878063,1.757669425023,4.0,3.0,4.0,0.0,1.0,0.0,2.0,1.0,0.0,0.0,0.0,0.75,1.0,0.142857
