survey,item_order,item,n,median,first_quartile,third_quartile,score_1_count,score_1_percent,score_2_count,score_2_percent,score_3_count,score_3_percent,score_4_count,score_4_percent,score_5_count,score_5_percent
AI post-survey,1,Using GitHub Copilot allowed me to complete the test generation tasks more quickly.,6,5.0,5.0,5.0,0,0.0,0,0.0,0,0.0,0,0.0,6,100.0
AI post-survey,2,Using GitHub Copilot helped me achieve better test quality.,6,3.5,3.0,4.0,0,0.0,0,0.0,3,50.0,2,33.33333333333333,1,16.666666666666664
AI post-survey,3,"Overall, I found GitHub Copilot to be a useful assistant for this unit testing task.",6,5.0,5.0,5.0,0,0.0,0,0.0,0,0.0,0,0.0,6,100.0
AI post-survey,4,"In practice, Copilot accurately captured the intended business logic and test oracles of the code under test. ",6,4.0,4.0,4.75,0,0.0,0,0.0,1,16.666666666666664,3,50.0,2,33.33333333333333
AI post-survey,5,The test cases generated by Copilot were mostly executable and correct without requiring major manual modifications.,6,4.5,4.0,5.0,0,0.0,0,0.0,0,0.0,3,50.0,3,50.0
AI post-survey,6,"Copilot frequently generated ""hallucinated"" assertions or hidden logic errors that cost me a lot of time to debug.",6,2.0,1.25,2.0,2,33.33333333333333,3,50.0,1,16.666666666666664,0,0.0,0,0.0
AI post-survey,7,I was able to write effective comments or prompts to successfully guide Copilot in generating the tests I wanted.,6,4.0,4.0,4.75,0,0.0,0,0.0,0,0.0,4,66.66666666666666,2,33.33333333333333
AI post-survey,8,I was able to accurately identify flaws or invalid assertions in the Copilot-generated tests.,6,4.0,3.25,4.0,0,0.0,1,16.666666666666664,1,16.666666666666664,4,66.66666666666666,0,0.0
AI post-survey,9,"I was able to effectively adapt my testing workflow to collaborate with Copilot (e.g., managing code context, and iteratively refining suggestions)",6,4.5,4.0,5.0,0,0.0,1,16.666666666666664,0,0.0,2,33.33333333333333,3,50.0
Manual post-survey,1,(1) I was able to create tests that meaningfully verified the behavior of the target code.,8,3.0,3.0,4.0,1,12.5,0,0.0,4,50.0,2,25.0,1,12.5
Manual post-survey,2,"(2) I believe the tests I produced would be useful for future debugging, regression testing, or code modification activities.",8,3.0,2.75,4.0,0,0.0,2,25.0,3,37.5,2,25.0,1,12.5
Manual post-survey,3,(3) The amount of effort required to write tests manually felt reasonable compared to the quality of the resulting tests.,8,2.0,1.75,2.25,2,25.0,4,50.0,1,12.5,1,12.5,0,0.0
Manual post-survey,4,(4) I am confident that the assertions in my tests correctly verify the intended behavior of the system.,8,4.0,3.75,4.0,1,12.5,0,0.0,1,12.5,5,62.5,1,12.5
Manual post-survey,5,(5) I believe my tests would be capable of detecting incorrect behavior or future regressions in the target code.,8,3.0,2.75,3.25,1,12.5,1,12.5,4,50.0,2,25.0,0,0.0
Manual post-survey,6,"(6) During the task, I rarely felt uncertain about whether my tests were correct.",8,2.0,1.75,3.25,2,25.0,3,37.5,1,12.5,2,25.0,0,0.0
Manual post-survey,7,(7) I was confident in my ability to design test cases that appropriately covered the target code.,8,2.0,2.0,3.0,0,0.0,5,62.5,2,25.0,0,0.0,1,12.5
Manual post-survey,8,(8) I felt capable of debugging failing tests and identifying the causes of failures.,8,3.5,2.0,5.0,1,12.5,2,25.0,1,12.5,1,12.5,3,37.5
Manual post-survey,9,"(9) After completing the task, I feel confident in handling similar testing tasks in the future.",8,4.0,3.0,4.25,0,0.0,1,12.5,2,25.0,3,37.5,2,25.0
