item,group,n,median,first_quartile,third_quartile
"How would you rate your English proficiency for reading technical or academic materials (e.g., documentation, research papers)?",AI,6,5.0,3.5,5.0
"How would you rate your English proficiency for reading technical or academic materials (e.g., documentation, research papers)?",Manual,8,4.0,3.0,4.25
How would you rate your overall proficiency in Python development?,AI,6,3.0,2.25,3.0
How would you rate your overall proficiency in Python development?,Manual,8,3.0,2.0,3.0
How would you rate your overall proficiency in software testing?,AI,6,3.5,2.25,4.0
How would you rate your overall proficiency in software testing?,Manual,8,2.5,1.75,3.0
How would you rate your overall proficiency in writing unit tests?,AI,6,2.5,1.25,3.75
How would you rate your overall proficiency in writing unit tests?,Manual,8,2.0,1.75,3.0
How would you rate your experience in pytest?,AI,6,1.5,0.25,2.0
How would you rate your experience in pytest?,Manual,8,2.0,0.75,2.25
How would you rate your experience in using Github Copilot?,AI,6,2.5,0.25,4.0
How would you rate your experience in using Github Copilot?,Manual,8,3.5,0.75,4.0
I have a generally positive attitude towards using AI-assisted coding tools in software development.,AI,6,4.5,2.5,5.0
I have a generally positive attitude towards using AI-assisted coding tools in software development.,Manual,8,4.0,4.0,4.0
I feel comfortable to integrate AI coding assistants into my programming workflow.,AI,6,5.0,4.25,5.0
I feel comfortable to integrate AI coding assistants into my programming workflow.,Manual,8,4.0,4.0,4.0
I am willing to rely on AI tools to help complete my programming tasks.,AI,6,4.0,3.25,4.75
I am willing to rely on AI tools to help complete my programming tasks.,Manual,8,4.0,4.0,4.25
I expect that using GitHub Copilot will allow me to complete the test generation tasks more quickly.,AI,6,3.5,3.0,4.75
I expect that using GitHub Copilot will allow me to complete the test generation tasks more quickly.,Manual,8,4.0,4.0,4.25
I expect that using GitHub Copilot will help me achieve better test quality.,AI,6,3.5,2.25,4.75
I expect that using GitHub Copilot will help me achieve better test quality.,Manual,8,4.0,4.0,4.25
"Overall, I expect GitHub Copilot to be a useful assistant for this unit testing task.",AI,6,4.0,3.25,4.75
"Overall, I expect GitHub Copilot to be a useful assistant for this unit testing task.",Manual,8,4.0,4.0,5.0
I trust Copilot's ability to accurately capture the intended business logic and test oracles of the code under test.,AI,6,2.5,2.0,3.75
I trust Copilot's ability to accurately capture the intended business logic and test oracles of the code under test.,Manual,8,3.5,2.0,4.0
I believe the test cases generated by Copilot will be mostly executable and correct without requiring major manual modifications.,AI,6,3.5,3.0,4.0
I believe the test cases generated by Copilot will be mostly executable and correct without requiring major manual modifications.,Manual,8,4.0,3.0,4.0
"I am concerned that Copilot will generate ""hallucinated"" assertions or hidden logic errors that will cost me a lot of time to debug.",AI,6,4.0,3.25,4.0
"I am concerned that Copilot will generate ""hallucinated"" assertions or hidden logic errors that will cost me a lot of time to debug.",Manual,8,3.5,3.0,4.0
I am confident in my ability to write effective comments or prompts to guide Copilot in generating the tests I want.,AI,6,3.5,3.0,4.0
I am confident in my ability to write effective comments or prompts to guide Copilot in generating the tests I want.,Manual,8,4.0,4.0,4.0
I am confident that I can accurately identify flaws or invalid assertions in the Copilot-generated tests.,AI,6,3.0,2.25,3.0
I am confident that I can accurately identify flaws or invalid assertions in the Copilot-generated tests.,Manual,8,3.0,2.75,4.0
"I am confident that I can effectively adapt my testing workflow to collaborate with Copilot (e.g., managing code context, and iteratively refining suggestions)",AI,6,3.0,3.0,3.75
"I am confident that I can effectively adapt my testing workflow to collaborate with Copilot (e.g., managing code context, and iteratively refining suggestions)",Manual,8,3.0,2.75,4.25
