metric,n_ai,n_manual,mean_ai,mean_manual,mean_difference_ai_minus_manual,bootstrap_ci95_lower,bootstrap_ci95_upper,cliffs_delta,exact_permutation_p_value,permutation_allocations,label,scale,higher_is_better,holm_adjusted_p_value
syntax_error_rate,6,8,0.0,0.1,-0.1,-0.30000000000000004,0.0,-0.125,1.0,3003,Syntax error rate,proportion,False,
runtime_error_rate,6,8,0.0,0.225,-0.225,-0.475,-0.05,-0.5,0.16483516483516483,3003,Runtime error rate,proportion,False,
function_error_rate,6,8,0.0,0.09375,-0.09375,-0.21875,0.0,-0.25,0.4725274725274725,3003,Function error rate,proportion,False,
participant_statement_coverage,6,6,0.7197953333333333,0.6054863333333333,0.114309,0.025503666666666702,0.24255270416666652,0.8888888888888888,0.010822510822510822,924,Statement coverage,proportion,True,
participant_branch_coverage,6,6,0.6254403333333333,0.46304666666666666,0.1623936666666666,0.03971866666666668,0.3281805041666667,0.8888888888888888,0.010822510822510822,924,Branch coverage,proportion,True,
assertion_score,6,6,1.0,0.4611111666666667,0.5388888333333333,0.261111,0.8166666666666667,0.8333333333333334,0.015151515151515152,924,Assertion score,proportion,True,
generation_time_seconds,6,8,2026.1666666666667,4641.25,-2615.083333333333,-3241.544791666667,-1959.9989583333333,-1.0,0.000666000666000666,3003,Generation time (seconds),seconds,False,
execution_time_seconds,6,6,0.3151851873333333,0.2336559305,0.08152925683333329,-0.06618302219166665,0.2852932257583329,0.4444444444444444,0.5909090909090909,924,Execution time (seconds),seconds,False,
statement_generation_efficiency_per_second,6,6,0.00037215938083333335,0.000136268597,0.00023589078383333336,0.00016099177627083337,0.0003144317398,1.0,0.0021645021645021645,924,Statement generation efficiency (coverage per second),rate,True,
branch_generation_efficiency_per_second,6,6,0.00032337677566666664,0.00010647199699999999,0.00021690477866666665,0.00014648033747499995,0.00029163101364166667,1.0,0.0021645021645021645,924,Branch generation efficiency (coverage per second),rate,True,
statement_execution_efficiency_per_second,6,6,2.8498792046598336,2.7381803826821667,0.1116988219776669,-0.7668630254492459,0.8203674239469998,0.3888888888888889,0.7987012987012987,924,Statement execution efficiency (coverage per second),rate,True,
branch_execution_efficiency_per_second,6,6,2.476398768830667,1.9629534980273335,0.5134452708033332,-0.30725710934312017,1.1873178653897463,0.3888888888888889,0.2727272727272727,924,Branch execution efficiency (coverage per second),rate,True,
mutation_execution_efficiency_per_second,6,6,2.734246944472167,1.9513630376261666,0.7828839068460003,-0.14359197524549994,1.612544204691999,0.5,0.16017316017316016,924,Mutation execution efficiency (score per second),rate,True,
