mutant_id,adjudicated_status,adjudication_reason
M01843ce79e1c68d7,,
M01f5c9fdcd18b791,,
M075c814080eff11f,,
M08913f0055b7e8ac,,
M0cc423bf16d385f1,,
M0cdc56338613319f,,
M0f6f730c15f5f1f4,,
M133769441afdf92d,,
M13d44e34a421ac04,,
M15fce1e36c4fc265,,
M179011e9c99de42a,,
M1893ec04e715f2dc,,
M1c7379e6249cc7ac,,
M1ff6db6b36833e55,,
M222af97952feaca2,,
M29e81f88cb295f82,,
M2b818b3f76e2bc78,,
M3012cd47cfa27dec,,
M36ecd15b8a4dc21e,,
M37ac2b0c9616a940,,
M39ae12a8b9cf85dd,,
M3a8a375f572bf183,,
M3b6a31f850537064,,
M3d577cef02c15521,,
M3ece3477d0e0a39c,,
M3fc2d55859889e00,,
M411fe9489ae05424,,
M43105fc1c1d464f7,,
M43f045353436d2cd,,
M45b2838f4eb6122b,,
M4700d45ad7e844cf,,
M49d8bafddff91b2f,,
M4cc9937d29dc128e,,
M523b42bbcf56ebfa,,
M532b8274fb7cf794,,
M53d3aab8ee1502ab,,
M582297f2554b544b,,
M5b432c921eee3725,,
M5b68ed03244fcf4e,,
M6143a7a1090763ac,,
M64582036eefedf0d,,
M6e0e02e7e900b8a9,,
M6ec84bdd4372b4e9,,
M740198bb02eccdb2,,
M78aaec98569d5404,,
M79dd8e4c170f6fb5,,
M80957aca4a71535a,,
M824170cc9405760a,,
M827d6a82b61169be,,
M85face6dde8d7d5d,,
M86d103918ee59e93,,
M8a471d83c46d64e6,,
M8af2944e6a74362f,,
M91212e91b14c415f,,
M9178f1513737bd54,,
M91dbfd14bb8650cf,,
M91e7affddc40c9a6,,
M940445fa225c0ea4,,
M95e4c6a6818ff9e0,,
M9a53241668f13a6b,,
M9b06e648adf24d9d,,
M9df49985fa74da97,,
M9e255b0ec0d16bb6,,
Ma47185d1561aa177,,
Ma66ca49020a67514,,
Maaf145812182f8d7,,
Mab698d2ab05efb93,,
Mb00641b831603f9b,,
Mb3667a797d011c24,,
Mb3b999f73820750f,,
Mb61bd2db244babdf,,
Mb627fbf729f1ad61,,
Mbf9d81ef53945b18,,
Mc115e3dbe44425b0,,
Mc207b89d56c780c8,,
Mc309efc62e39ea84,,
Mc6514cd8db6925db,,
Mcbb95ce06b804cd4,,
Mcd491118e2f03864,,
Md7166e6134e66e22,,
Md7becf709314d632,,
Mdabbc21fa2a0b38b,,
Mde238a44a9efd470,,
Me0c4beabbc936ad3,,
Me15d05887f799256,,
Me1aa07e29d519375,,
Me3bf9bd983c49ca6,,
Me95238a3a863b9ad,,
Mea55feaa045e85a8,,
Meb7e0fbebc7ebf82,,
Mec265c7347049524,,
Mec560abf71f5d27b,,
Mee614a86852b35cc,,
Meeb5af80009d7651,,
Mf07230a5f3181be6,,
Mf27ce289b96f8f54,,
Mf397e405837b1661,,
Mf72b447f48945e6b,,
Mfae67306b97bc220,,
Mfb5fea0d3d3b32ea,,
