mutant_id,reviewer_1_status,reviewer_1_reason,reviewer_2_status,reviewer_2_reason,adjudicated_status,adjudication_reason,decision_basis
M01843ce79e1c68d7,non_equivalent,"Exact frozen-source patch changes the observed behavior of public_block_state_0. The baseline/mutant outputs are recorded in semantic_witnesses_v3.json for this ID; the witness uses supported parser, helper, plugin, renderer or logging behavior and is excluded from participant tests.",,,non_equivalent,"Exact frozen-source patch changes the observed behavior of public_block_state_0. The baseline/mutant outputs are recorded in semantic_witnesses_v3.json for this ID; the witness uses supported parser, helper, plugin, renderer or logging behavior and is excluded from participant tests.",primary_source_review_only
M01f5c9fdcd18b791,confirmed_equivalent,"Only the absent inline_definitions default changes False to None. The result is consumed exclusively by an if truth test; both defaults are false, and present option values are unchanged.",,,confirmed_equivalent,"Only the absent inline_definitions default changes False to None. The result is consumed exclusively by an if truth test; both defaults are false, and present option values are unchanged.",primary_source_review_only
M075c814080eff11f,non_equivalent,"Exact frozen-source patch changes the observed behavior of commonmark_tokens_603. The baseline/mutant outputs are recorded in semantic_witnesses_v3.json for this ID; the witness uses supported parser, helper, plugin, renderer or logging behavior and is excluded from participant tests.",,,non_equivalent,"Exact frozen-source patch changes the observed behavior of commonmark_tokens_603. The baseline/mutant outputs are recorded in semantic_witnesses_v3.json for this ID; the witness uses supported parser, helper, plugin, renderer or logging behavior and is excluded from participant tests.",primary_source_review_only
M08913f0055b7e8ac,non_equivalent,"Exact frozen-source patch changes the observed behavior of title_""abc\x_5. The baseline/mutant outputs are recorded in semantic_witnesses_v3.json for this ID; the witness uses supported parser, helper, plugin, renderer or logging behavior and is excluded from participant tests.",,,non_equivalent,"Exact frozen-source patch changes the observed behavior of title_""abc\x_5. The baseline/mutant outputs are recorded in semantic_witnesses_v3.json for this ID; the witness uses supported parser, helper, plugin, renderer or logging behavior and is excluded from participant tests.",primary_source_review_only
M0cc423bf16d385f1,non_equivalent,"Exact frozen-source patch changes the observed behavior of block_extension_state_1. The baseline/mutant outputs are recorded in semantic_witnesses_v3.json for this ID; the witness uses supported parser, helper, plugin, renderer or logging behavior and is excluded from participant tests.",,,non_equivalent,"Exact frozen-source patch changes the observed behavior of block_extension_state_1. The baseline/mutant outputs are recorded in semantic_witnesses_v3.json for this ID; the witness uses supported parser, helper, plugin, renderer or logging behavior and is excluded from participant tests.",primary_source_review_only
M0cdc56338613319f,confirmed_equivalent,Local parseReference changes False to None after entering inline-link parsing. Every subsequent use is a truth test; fallback reassigns True in both versions. No value is published or passed to a callback.,,,confirmed_equivalent,Local parseReference changes False to None after entering inline-link parsing. Every subsequent use is a truth test; fallback reassigns True in both versions. No value is published or passed to a callback.,primary_source_review_only
M0f6f730c15f5f1f4,non_equivalent,"Exact frozen-source patch changes the observed behavior of enabled_debug_logging. The baseline/mutant outputs are recorded in semantic_witnesses_v3.json for this ID; the witness uses supported parser, helper, plugin, renderer or logging behavior and is excluded from participant tests.",,,non_equivalent,"Exact frozen-source patch changes the observed behavior of enabled_debug_logging. The baseline/mutant outputs are recorded in semantic_witnesses_v3.json for this ID; the witness uses supported parser, helper, plugin, renderer or logging behavior and is excluded from participant tests.",primary_source_review_only
M133769441afdf92d,non_equivalent,"Exact frozen-source patch changes the observed behavior of public_inline_state_0. The baseline/mutant outputs are recorded in semantic_witnesses_v3.json for this ID; the witness uses supported parser, helper, plugin, renderer or logging behavior and is excluded from participant tests.",,,non_equivalent,"Exact frozen-source patch changes the observed behavior of public_inline_state_0. The baseline/mutant outputs are recorded in semantic_witnesses_v3.json for this ID; the witness uses supported parser, helper, plugin, renderer or logging behavior and is excluded from participant tests.",primary_source_review_only
M13d44e34a421ac04,non_equivalent,"Exact frozen-source patch changes the observed behavior of enabled_debug_logging. The baseline/mutant outputs are recorded in semantic_witnesses_v3.json for this ID; the witness uses supported parser, helper, plugin, renderer or logging behavior and is excluded from participant tests.",,,non_equivalent,"Exact frozen-source patch changes the observed behavior of enabled_debug_logging. The baseline/mutant outputs are recorded in semantic_witnesses_v3.json for this ID; the witness uses supported parser, helper, plugin, renderer or logging behavior and is excluded from participant tests.",primary_source_review_only
M15fce1e36c4fc265,non_equivalent,"Exact frozen-source patch changes the observed behavior of configured_exact_fence. The baseline/mutant outputs are recorded in semantic_witnesses_v3.json for this ID; the witness uses supported parser, helper, plugin, renderer or logging behavior and is excluded from participant tests.",,,non_equivalent,"Exact frozen-source patch changes the observed behavior of configured_exact_fence. The baseline/mutant outputs are recorded in semantic_witnesses_v3.json for this ID; the witness uses supported parser, helper, plugin, renderer or logging behavior and is excluded from participant tests.",primary_source_review_only
M179011e9c99de42a,confirmed_equivalent,"Permitting one extra hash scan only changes local cursor/level after level already exceeds six. Both versions immediately return False at the following level > 6 guard, before modifying parser state or tokens. Valid headings have identical scans.",,,confirmed_equivalent,"Permitting one extra hash scan only changes local cursor/level after level already exceeds six. Both versions immediately return False at the following level > 6 guard, before modifying parser state or tokens. Valid headings have identical scans.",primary_source_review_only
M1893ec04e715f2dc,non_equivalent,"Exact frozen-source patch changes the observed behavior of commonmark_tokens_108. The baseline/mutant outputs are recorded in semantic_witnesses_v3.json for this ID; the witness uses supported parser, helper, plugin, renderer or logging behavior and is excluded from participant tests.",,,non_equivalent,"Exact frozen-source patch changes the observed behavior of commonmark_tokens_108. The baseline/mutant outputs are recorded in semantic_witnesses_v3.json for this ID; the witness uses supported parser, helper, plugin, renderer or logging behavior and is excluded from participant tests.",primary_source_review_only
M1c7379e6249cc7ac,confirmed_equivalent,"The only changed condition is when title-start pos == max. parseLinkTitle called with that same maximum and no previous state returns ok=False immediately, so res.ok makes the entire conjunction false in both versions.",,,confirmed_equivalent,"The only changed condition is when title-start pos == max. parseLinkTitle called with that same maximum and no previous state returns ok=False immediately, so res.ok makes the entire conjunction false in both versions.",primary_source_review_only
M1ff6db6b36833e55,non_equivalent,"Exact frozen-source patch changes the observed behavior of commonmark_tokens_19. The baseline/mutant outputs are recorded in semantic_witnesses_v3.json for this ID; the witness uses supported parser, helper, plugin, renderer or logging behavior and is excluded from participant tests.",,,non_equivalent,"Exact frozen-source patch changes the observed behavior of commonmark_tokens_19. The baseline/mutant outputs are recorded in semantic_witnesses_v3.json for this ID; the witness uses supported parser, helper, plugin, renderer or logging behavior and is excluded from participant tests.",primary_source_review_only
M222af97952feaca2,confirmed_equivalent,"The absent tasklists default changes False to None, and is used only in the enclosing if truth test. Existing option values and emitted tokens are unchanged.",,,confirmed_equivalent,"The absent tasklists default changes False to None, and is used only in the enclosing if truth test. Existing option values and emitted tokens are unchanged.",primary_source_review_only
M29e81f88cb295f82,non_equivalent,"Exact frozen-source patch changes the observed behavior of enabled_debug_logging. The baseline/mutant outputs are recorded in semantic_witnesses_v3.json for this ID; the witness uses supported parser, helper, plugin, renderer or logging behavior and is excluded from participant tests.",,,non_equivalent,"Exact frozen-source patch changes the observed behavior of enabled_debug_logging. The baseline/mutant outputs are recorded in semantic_witnesses_v3.json for this ID; the witness uses supported parser, helper, plugin, renderer or logging behavior and is excluded from participant tests.",primary_source_review_only
M2b818b3f76e2bc78,non_equivalent,"Exact frozen-source patch changes the observed behavior of pristine constructor/import versus mutant constructor/import. The baseline/mutant outputs are recorded in semantic_witnesses_v3.json for this ID; the witness uses supported parser, helper, plugin, renderer or logging behavior and is excluded from participant tests.",,,non_equivalent,"Exact frozen-source patch changes the observed behavior of pristine constructor/import versus mutant constructor/import. The baseline/mutant outputs are recorded in semantic_witnesses_v3.json for this ID; the witness uses supported parser, helper, plugin, renderer or logging behavior and is excluded from participant tests.",primary_source_review_only
M3012cd47cfa27dec,non_equivalent,"Exact frozen-source patch changes the observed behavior of commonmark_tokens_125. The baseline/mutant outputs are recorded in semantic_witnesses_v3.json for this ID; the witness uses supported parser, helper, plugin, renderer or logging behavior and is excluded from participant tests.",,,non_equivalent,"Exact frozen-source patch changes the observed behavior of commonmark_tokens_125. The baseline/mutant outputs are recorded in semantic_witnesses_v3.json for this ID; the witness uses supported parser, helper, plugin, renderer or logging behavior and is excluded from participant tests.",primary_source_review_only
M36ecd15b8a4dc21e,non_equivalent,"Exact frozen-source patch changes the observed behavior of preset_commonmark_4. The baseline/mutant outputs are recorded in semantic_witnesses_v3.json for this ID; the witness uses supported parser, helper, plugin, renderer or logging behavior and is excluded from participant tests.",,,non_equivalent,"Exact frozen-source patch changes the observed behavior of preset_commonmark_4. The baseline/mutant outputs are recorded in semantic_witnesses_v3.json for this ID; the witness uses supported parser, helper, plugin, renderer or logging behavior and is excluded from participant tests.",primary_source_review_only
M37ac2b0c9616a940,non_equivalent,"Exact frozen-source patch changes the observed behavior of block_extension_state_1. The baseline/mutant outputs are recorded in semantic_witnesses_v3.json for this ID; the witness uses supported parser, helper, plugin, renderer or logging behavior and is excluded from participant tests.",,,non_equivalent,"Exact frozen-source patch changes the observed behavior of block_extension_state_1. The baseline/mutant outputs are recorded in semantic_witnesses_v3.json for this ID; the witness uses supported parser, helper, plugin, renderer or logging behavior and is excluded from participant tests.",primary_source_review_only
M39ae12a8b9cf85dd,non_equivalent,"Exact frozen-source patch changes the observed behavior of missing_rule_after. The baseline/mutant outputs are recorded in semantic_witnesses_v3.json for this ID; the witness uses supported parser, helper, plugin, renderer or logging behavior and is excluded from participant tests.",,,non_equivalent,"Exact frozen-source patch changes the observed behavior of missing_rule_after. The baseline/mutant outputs are recorded in semantic_witnesses_v3.json for this ID; the witness uses supported parser, helper, plugin, renderer or logging behavior and is excluded from participant tests.",primary_source_review_only
M3a8a375f572bf183,non_equivalent,"Exact frozen-source patch changes the observed behavior of block_extension_state_2. The baseline/mutant outputs are recorded in semantic_witnesses_v3.json for this ID; the witness uses supported parser, helper, plugin, renderer or logging behavior and is excluded from participant tests.",,,non_equivalent,"Exact frozen-source patch changes the observed behavior of block_extension_state_2. The baseline/mutant outputs are recorded in semantic_witnesses_v3.json for this ID; the witness uses supported parser, helper, plugin, renderer or logging behavior and is excluded from participant tests.",primary_source_review_only
M3b6a31f850537064,non_equivalent,"Exact frozen-source patch changes the observed behavior of preset_commonmark_1. The baseline/mutant outputs are recorded in semantic_witnesses_v3.json for this ID; the witness uses supported parser, helper, plugin, renderer or logging behavior and is excluded from participant tests.",,,non_equivalent,"Exact frozen-source patch changes the observed behavior of preset_commonmark_1. The baseline/mutant outputs are recorded in semantic_witnesses_v3.json for this ID; the witness uses supported parser, helper, plugin, renderer or logging behavior and is excluded from participant tests.",primary_source_review_only
M3d577cef02c15521,non_equivalent,"Exact frozen-source patch changes the observed behavior of reference_title_rollback. The baseline/mutant outputs are recorded in semantic_witnesses_v3.json for this ID; the witness uses supported parser, helper, plugin, renderer or logging behavior and is excluded from participant tests.",,,non_equivalent,"Exact frozen-source patch changes the observed behavior of reference_title_rollback. The baseline/mutant outputs are recorded in semantic_witnesses_v3.json for this ID; the witness uses supported parser, helper, plugin, renderer or logging behavior and is excluded from participant tests.",primary_source_review_only
M3ece3477d0e0a39c,non_equivalent,"Exact frozen-source patch changes the observed behavior of preset_gfm-like_0. The baseline/mutant outputs are recorded in semantic_witnesses_v3.json for this ID; the witness uses supported parser, helper, plugin, renderer or logging behavior and is excluded from participant tests.",,,non_equivalent,"Exact frozen-source patch changes the observed behavior of preset_gfm-like_0. The baseline/mutant outputs are recorded in semantic_witnesses_v3.json for this ID; the witness uses supported parser, helper, plugin, renderer or logging behavior and is excluded from participant tests.",primary_source_review_only
M3fc2d55859889e00,non_equivalent,"Exact frozen-source patch changes the observed behavior of public_reference_next_line. The baseline/mutant outputs are recorded in semantic_witnesses_v3.json for this ID; the witness uses supported parser, helper, plugin, renderer or logging behavior and is excluded from participant tests.",,,non_equivalent,"Exact frozen-source patch changes the observed behavior of public_reference_next_line. The baseline/mutant outputs are recorded in semantic_witnesses_v3.json for this ID; the witness uses supported parser, helper, plugin, renderer or logging behavior and is excluded from participant tests.",primary_source_review_only
M411fe9489ae05424,non_equivalent,"Exact frozen-source patch changes the observed behavior of commonmark_html_123. The baseline/mutant outputs are recorded in semantic_witnesses_v3.json for this ID; the witness uses supported parser, helper, plugin, renderer or logging behavior and is excluded from participant tests.",,,non_equivalent,"Exact frozen-source patch changes the observed behavior of commonmark_html_123. The baseline/mutant outputs are recorded in semantic_witnesses_v3.json for this ID; the witness uses supported parser, helper, plugin, renderer or logging behavior and is excluded from participant tests.",primary_source_review_only
M43105fc1c1d464f7,non_equivalent,"Exact frozen-source patch changes the observed behavior of commonmark_html_236. The baseline/mutant outputs are recorded in semantic_witnesses_v3.json for this ID; the witness uses supported parser, helper, plugin, renderer or logging behavior and is excluded from participant tests.",,,non_equivalent,"Exact frozen-source patch changes the observed behavior of commonmark_html_236. The baseline/mutant outputs are recorded in semantic_witnesses_v3.json for this ID; the witness uses supported parser, helper, plugin, renderer or logging behavior and is excluded from participant tests.",primary_source_review_only
M43f045353436d2cd,non_equivalent,"Exact frozen-source patch changes the observed behavior of missing_rule_after. The baseline/mutant outputs are recorded in semantic_witnesses_v3.json for this ID; the witness uses supported parser, helper, plugin, renderer or logging behavior and is excluded from participant tests.",,,non_equivalent,"Exact frozen-source patch changes the observed behavior of missing_rule_after. The baseline/mutant outputs are recorded in semantic_witnesses_v3.json for this ID; the witness uses supported parser, helper, plugin, renderer or logging behavior and is excluded from participant tests.",primary_source_review_only
M45b2838f4eb6122b,non_equivalent,"Exact frozen-source patch changes the observed behavior of commonmark_tokens_603. The baseline/mutant outputs are recorded in semantic_witnesses_v3.json for this ID; the witness uses supported parser, helper, plugin, renderer or logging behavior and is excluded from participant tests.",,,non_equivalent,"Exact frozen-source patch changes the observed behavior of commonmark_tokens_603. The baseline/mutant outputs are recorded in semantic_witnesses_v3.json for this ID; the witness uses supported parser, helper, plugin, renderer or logging behavior and is excluded from participant tests.",primary_source_review_only
M4700d45ad7e844cf,non_equivalent,"Exact frozen-source patch changes the observed behavior of enabled_debug_logging. The baseline/mutant outputs are recorded in semantic_witnesses_v3.json for this ID; the witness uses supported parser, helper, plugin, renderer or logging behavior and is excluded from participant tests.",,,non_equivalent,"Exact frozen-source patch changes the observed behavior of enabled_debug_logging. The baseline/mutant outputs are recorded in semantic_witnesses_v3.json for this ID; the witness uses supported parser, helper, plugin, renderer or logging behavior and is excluded from participant tests.",primary_source_review_only
M49d8bafddff91b2f,non_equivalent,"Exact frozen-source patch changes the observed behavior of commonmark_tokens_19. The baseline/mutant outputs are recorded in semantic_witnesses_v3.json for this ID; the witness uses supported parser, helper, plugin, renderer or logging behavior and is excluded from participant tests.",,,non_equivalent,"Exact frozen-source patch changes the observed behavior of commonmark_tokens_19. The baseline/mutant outputs are recorded in semantic_witnesses_v3.json for this ID; the witness uses supported parser, helper, plugin, renderer or logging behavior and is excluded from participant tests.",primary_source_review_only
M4cc9937d29dc128e,non_equivalent,"Exact frozen-source patch changes the observed behavior of enabled_debug_logging. The baseline/mutant outputs are recorded in semantic_witnesses_v3.json for this ID; the witness uses supported parser, helper, plugin, renderer or logging behavior and is excluded from participant tests.",,,non_equivalent,"Exact frozen-source patch changes the observed behavior of enabled_debug_logging. The baseline/mutant outputs are recorded in semantic_witnesses_v3.json for this ID; the witness uses supported parser, helper, plugin, renderer or logging behavior and is excluded from participant tests.",primary_source_review_only
M523b42bbcf56ebfa,non_equivalent,"Exact frozen-source patch changes the observed behavior of missing_rule_after. The baseline/mutant outputs are recorded in semantic_witnesses_v3.json for this ID; the witness uses supported parser, helper, plugin, renderer or logging behavior and is excluded from participant tests.",,,non_equivalent,"Exact frozen-source patch changes the observed behavior of missing_rule_after. The baseline/mutant outputs are recorded in semantic_witnesses_v3.json for this ID; the witness uses supported parser, helper, plugin, renderer or logging behavior and is excluded from participant tests.",primary_source_review_only
M532b8274fb7cf794,confirmed_equivalent,"maximum is len(string). The added iteration at pos == maximum obtains charCodeAt=None, matches no bracket/newline/backslash branch, increments only a local cursor, and returns False because labelEnd is still None. A found closing label exits earlier identically.",,,confirmed_equivalent,"maximum is len(string). The added iteration at pos == maximum obtains charCodeAt=None, matches no bracket/newline/backslash branch, increments only a local cursor, and returns False because labelEnd is still None. A found closing label exits earlier identically.",primary_source_review_only
M53d3aab8ee1502ab,confirmed_equivalent,"At the only newly admitted boundary pos == len(string), charCodeAt returns None. The next and condition requires newline, which fails; getNextLine is not invoked and no state changes occur.",,,confirmed_equivalent,"At the only newly admitted boundary pos == len(string), charCodeAt returns None. The next and condition requires newline, which fails; getNextLine is not invoked and no state changes occur.",primary_source_review_only
M582297f2554b544b,non_equivalent,"Exact frozen-source patch changes the observed behavior of pristine constructor/import versus mutant constructor/import. The baseline/mutant outputs are recorded in semantic_witnesses_v3.json for this ID; the witness uses supported parser, helper, plugin, renderer or logging behavior and is excluded from participant tests.",,,non_equivalent,"Exact frozen-source patch changes the observed behavior of pristine constructor/import versus mutant constructor/import. The baseline/mutant outputs are recorded in semantic_witnesses_v3.json for this ID; the witness uses supported parser, helper, plugin, renderer or logging behavior and is excluded from participant tests.",primary_source_review_only
M5b432c921eee3725,non_equivalent,"Exact frozen-source patch changes the observed behavior of block_extension_state_0. The baseline/mutant outputs are recorded in semantic_witnesses_v3.json for this ID; the witness uses supported parser, helper, plugin, renderer or logging behavior and is excluded from participant tests.",,,non_equivalent,"Exact frozen-source patch changes the observed behavior of block_extension_state_0. The baseline/mutant outputs are recorded in semantic_witnesses_v3.json for this ID; the witness uses supported parser, helper, plugin, renderer or logging behavior and is excluded from participant tests.",primary_source_review_only
M5b68ed03244fcf4e,non_equivalent,"Exact frozen-source patch changes the observed behavior of block_extension_state_3. The baseline/mutant outputs are recorded in semantic_witnesses_v3.json for this ID; the witness uses supported parser, helper, plugin, renderer or logging behavior and is excluded from participant tests.",,,non_equivalent,"Exact frozen-source patch changes the observed behavior of block_extension_state_3. The baseline/mutant outputs are recorded in semantic_witnesses_v3.json for this ID; the witness uses supported parser, helper, plugin, renderer or logging behavior and is excluded from participant tests.",primary_source_review_only
M6143a7a1090763ac,non_equivalent,"Exact frozen-source patch changes the observed behavior of enabled_debug_logging. The baseline/mutant outputs are recorded in semantic_witnesses_v3.json for this ID; the witness uses supported parser, helper, plugin, renderer or logging behavior and is excluded from participant tests.",,,non_equivalent,"Exact frozen-source patch changes the observed behavior of enabled_debug_logging. The baseline/mutant outputs are recorded in semantic_witnesses_v3.json for this ID; the witness uses supported parser, helper, plugin, renderer or logging behavior and is excluded from participant tests.",primary_source_review_only
M64582036eefedf0d,non_equivalent,"Exact frozen-source patch changes the observed behavior of preset_default_5. The baseline/mutant outputs are recorded in semantic_witnesses_v3.json for this ID; the witness uses supported parser, helper, plugin, renderer or logging behavior and is excluded from participant tests.",,,non_equivalent,"Exact frozen-source patch changes the observed behavior of preset_default_5. The baseline/mutant outputs are recorded in semantic_witnesses_v3.json for this ID; the witness uses supported parser, helper, plugin, renderer or logging behavior and is excluded from participant tests.",primary_source_review_only
M6e0e02e7e900b8a9,non_equivalent,"Exact frozen-source patch changes the observed behavior of title_(x(y)_3. The baseline/mutant outputs are recorded in semantic_witnesses_v3.json for this ID; the witness uses supported parser, helper, plugin, renderer or logging behavior and is excluded from participant tests.",,,non_equivalent,"Exact frozen-source patch changes the observed behavior of title_(x(y)_3. The baseline/mutant outputs are recorded in semantic_witnesses_v3.json for this ID; the witness uses supported parser, helper, plugin, renderer or logging behavior and is excluded from participant tests.",primary_source_review_only
M6ec84bdd4372b4e9,non_equivalent,"Exact frozen-source patch changes the observed behavior of public_reference_indented_continuation. The baseline/mutant outputs are recorded in semantic_witnesses_v3.json for this ID; the witness uses supported parser, helper, plugin, renderer or logging behavior and is excluded from participant tests.",,,non_equivalent,"Exact frozen-source patch changes the observed behavior of public_reference_indented_continuation. The baseline/mutant outputs are recorded in semantic_witnesses_v3.json for this ID; the witness uses supported parser, helper, plugin, renderer or logging behavior and is excluded from participant tests.",primary_source_review_only
M740198bb02eccdb2,non_equivalent,"Exact frozen-source patch changes the observed behavior of enabled_debug_logging. The baseline/mutant outputs are recorded in semantic_witnesses_v3.json for this ID; the witness uses supported parser, helper, plugin, renderer or logging behavior and is excluded from participant tests.",,,non_equivalent,"Exact frozen-source patch changes the observed behavior of enabled_debug_logging. The baseline/mutant outputs are recorded in semantic_witnesses_v3.json for this ID; the witness uses supported parser, helper, plugin, renderer or logging behavior and is excluded from participant tests.",primary_source_review_only
M78aaec98569d5404,non_equivalent,"Exact frozen-source patch changes the observed behavior of commonmark_tokens_555. The baseline/mutant outputs are recorded in semantic_witnesses_v3.json for this ID; the witness uses supported parser, helper, plugin, renderer or logging behavior and is excluded from participant tests.",,,non_equivalent,"Exact frozen-source patch changes the observed behavior of commonmark_tokens_555. The baseline/mutant outputs are recorded in semantic_witnesses_v3.json for this ID; the witness uses supported parser, helper, plugin, renderer or logging behavior and is excluded from participant tests.",primary_source_review_only
M79dd8e4c170f6fb5,non_equivalent,"Exact frozen-source patch changes the observed behavior of commonmark_html_23. The baseline/mutant outputs are recorded in semantic_witnesses_v3.json for this ID; the witness uses supported parser, helper, plugin, renderer or logging behavior and is excluded from participant tests.",,,non_equivalent,"Exact frozen-source patch changes the observed behavior of commonmark_html_23. The baseline/mutant outputs are recorded in semantic_witnesses_v3.json for this ID; the witness uses supported parser, helper, plugin, renderer or logging behavior and is excluded from participant tests.",primary_source_review_only
M80957aca4a71535a,non_equivalent,"Exact frozen-source patch changes the observed behavior of commonmark_tokens_3. The baseline/mutant outputs are recorded in semantic_witnesses_v3.json for this ID; the witness uses supported parser, helper, plugin, renderer or logging behavior and is excluded from participant tests.",,,non_equivalent,"Exact frozen-source patch changes the observed behavior of commonmark_tokens_3. The baseline/mutant outputs are recorded in semantic_witnesses_v3.json for this ID; the witness uses supported parser, helper, plugin, renderer or logging behavior and is excluded from participant tests.",primary_source_review_only
M824170cc9405760a,confirmed_equivalent,"dict.get(store_labels) implicitly defaults to None instead of False. Its result is used only as a truth value, and a present store_labels value is unchanged.",,,confirmed_equivalent,"dict.get(store_labels) implicitly defaults to None instead of False. Its result is used only as a truth value, and a present store_labels value is unchanged.",primary_source_review_only
M827d6a82b61169be,non_equivalent,"Exact frozen-source patch changes the observed behavior of enabled_debug_logging. The baseline/mutant outputs are recorded in semantic_witnesses_v3.json for this ID; the witness uses supported parser, helper, plugin, renderer or logging behavior and is excluded from participant tests.",,,non_equivalent,"Exact frozen-source patch changes the observed behavior of enabled_debug_logging. The baseline/mutant outputs are recorded in semantic_witnesses_v3.json for this ID; the witness uses supported parser, helper, plugin, renderer or logging behavior and is excluded from participant tests.",primary_source_review_only
M85face6dde8d7d5d,non_equivalent,"Exact frozen-source patch changes the observed behavior of commonmark_tokens_108. The baseline/mutant outputs are recorded in semantic_witnesses_v3.json for this ID; the witness uses supported parser, helper, plugin, renderer or logging behavior and is excluded from participant tests.",,,non_equivalent,"Exact frozen-source patch changes the observed behavior of commonmark_tokens_108. The baseline/mutant outputs are recorded in semantic_witnesses_v3.json for this ID; the witness uses supported parser, helper, plugin, renderer or logging behavior and is excluded from participant tests.",primary_source_review_only
M86d103918ee59e93,non_equivalent,"Exact frozen-source patch changes the observed behavior of public_preset_zero. The baseline/mutant outputs are recorded in semantic_witnesses_v3.json for this ID; the witness uses supported parser, helper, plugin, renderer or logging behavior and is excluded from participant tests.",,,non_equivalent,"Exact frozen-source patch changes the observed behavior of public_preset_zero. The baseline/mutant outputs are recorded in semantic_witnesses_v3.json for this ID; the witness uses supported parser, helper, plugin, renderer or logging behavior and is excluded from participant tests.",primary_source_review_only
M8a471d83c46d64e6,non_equivalent,"Exact frozen-source patch changes the observed behavior of pristine constructor/import versus mutant constructor/import. The baseline/mutant outputs are recorded in semantic_witnesses_v3.json for this ID; the witness uses supported parser, helper, plugin, renderer or logging behavior and is excluded from participant tests.",,,non_equivalent,"Exact frozen-source patch changes the observed behavior of pristine constructor/import versus mutant constructor/import. The baseline/mutant outputs are recorded in semantic_witnesses_v3.json for this ID; the witness uses supported parser, helper, plugin, renderer or logging behavior and is excluded from participant tests.",primary_source_review_only
M8af2944e6a74362f,non_equivalent,"Exact frozen-source patch changes the observed behavior of public_paragraph_parent. The baseline/mutant outputs are recorded in semantic_witnesses_v3.json for this ID; the witness uses supported parser, helper, plugin, renderer or logging behavior and is excluded from participant tests.",,,non_equivalent,"Exact frozen-source patch changes the observed behavior of public_paragraph_parent. The baseline/mutant outputs are recorded in semantic_witnesses_v3.json for this ID; the witness uses supported parser, helper, plugin, renderer or logging behavior and is excluded from participant tests.",primary_source_review_only
M91212e91b14c415f,non_equivalent,"Exact frozen-source patch changes the observed behavior of public_fragments_join. The baseline/mutant outputs are recorded in semantic_witnesses_v3.json for this ID; the witness uses supported parser, helper, plugin, renderer or logging behavior and is excluded from participant tests.",,,non_equivalent,"Exact frozen-source patch changes the observed behavior of public_fragments_join. The baseline/mutant outputs are recorded in semantic_witnesses_v3.json for this ID; the witness uses supported parser, helper, plugin, renderer or logging behavior and is excluded from participant tests.",primary_source_review_only
M9178f1513737bd54,non_equivalent,"Exact frozen-source patch changes the observed behavior of pristine constructor/import versus mutant constructor/import. The baseline/mutant outputs are recorded in semantic_witnesses_v3.json for this ID; the witness uses supported parser, helper, plugin, renderer or logging behavior and is excluded from participant tests.",,,non_equivalent,"Exact frozen-source patch changes the observed behavior of pristine constructor/import versus mutant constructor/import. The baseline/mutant outputs are recorded in semantic_witnesses_v3.json for this ID; the witness uses supported parser, helper, plugin, renderer or logging behavior and is excluded from participant tests.",primary_source_review_only
M91dbfd14bb8650cf,non_equivalent,"Exact frozen-source patch changes the observed behavior of configured_exact_fence. The baseline/mutant outputs are recorded in semantic_witnesses_v3.json for this ID; the witness uses supported parser, helper, plugin, renderer or logging behavior and is excluded from participant tests.",,,non_equivalent,"Exact frozen-source patch changes the observed behavior of configured_exact_fence. The baseline/mutant outputs are recorded in semantic_witnesses_v3.json for this ID; the witness uses supported parser, helper, plugin, renderer or logging behavior and is excluded from participant tests.",primary_source_review_only
M91e7affddc40c9a6,non_equivalent,"Exact frozen-source patch changes the observed behavior of public_rule_configuration. The baseline/mutant outputs are recorded in semantic_witnesses_v3.json for this ID; the witness uses supported parser, helper, plugin, renderer or logging behavior and is excluded from participant tests.",,,non_equivalent,"Exact frozen-source patch changes the observed behavior of public_rule_configuration. The baseline/mutant outputs are recorded in semantic_witnesses_v3.json for this ID; the witness uses supported parser, helper, plugin, renderer or logging behavior and is excluded from participant tests.",primary_source_review_only
M940445fa225c0ea4,non_equivalent,"Exact frozen-source patch changes the observed behavior of enabled_debug_logging. The baseline/mutant outputs are recorded in semantic_witnesses_v3.json for this ID; the witness uses supported parser, helper, plugin, renderer or logging behavior and is excluded from participant tests.",,,non_equivalent,"Exact frozen-source patch changes the observed behavior of enabled_debug_logging. The baseline/mutant outputs are recorded in semantic_witnesses_v3.json for this ID; the witness uses supported parser, helper, plugin, renderer or logging behavior and is excluded from participant tests.",primary_source_review_only
M95e4c6a6818ff9e0,non_equivalent,"Exact frozen-source patch changes the observed behavior of enabled_debug_logging. The baseline/mutant outputs are recorded in semantic_witnesses_v3.json for this ID; the witness uses supported parser, helper, plugin, renderer or logging behavior and is excluded from participant tests.",,,non_equivalent,"Exact frozen-source patch changes the observed behavior of enabled_debug_logging. The baseline/mutant outputs are recorded in semantic_witnesses_v3.json for this ID; the witness uses supported parser, helper, plugin, renderer or logging behavior and is excluded from participant tests.",primary_source_review_only
M9a53241668f13a6b,non_equivalent,"Exact frozen-source patch changes the observed behavior of boundary_render_<a@b.com>X. The baseline/mutant outputs are recorded in semantic_witnesses_v3.json for this ID; the witness uses supported parser, helper, plugin, renderer or logging behavior and is excluded from participant tests.",,,non_equivalent,"Exact frozen-source patch changes the observed behavior of boundary_render_<a@b.com>X. The baseline/mutant outputs are recorded in semantic_witnesses_v3.json for this ID; the witness uses supported parser, helper, plugin, renderer or logging behavior and is excluded from participant tests.",primary_source_review_only
M9b06e648adf24d9d,non_equivalent,"Exact frozen-source patch changes the observed behavior of ruler_enable_missing_false. The baseline/mutant outputs are recorded in semantic_witnesses_v3.json for this ID; the witness uses supported parser, helper, plugin, renderer or logging behavior and is excluded from participant tests.",,,non_equivalent,"Exact frozen-source patch changes the observed behavior of ruler_enable_missing_false. The baseline/mutant outputs are recorded in semantic_witnesses_v3.json for this ID; the witness uses supported parser, helper, plugin, renderer or logging behavior and is excluded from participant tests.",primary_source_review_only
M9df49985fa74da97,confirmed_equivalent,"The added control-code case is ASCII space (32), but the immediately preceding code == 0x20 check already breaks. All other character codes take the same branch.",,,confirmed_equivalent,"The added control-code case is ASCII space (32), but the immediately preceding code == 0x20 check already breaks. All other character codes take the same branch.",primary_source_review_only
M9e255b0ec0d16bb6,non_equivalent,"Exact frozen-source patch changes the observed behavior of commonmark_tokens_555. The baseline/mutant outputs are recorded in semantic_witnesses_v3.json for this ID; the witness uses supported parser, helper, plugin, renderer or logging behavior and is excluded from participant tests.",,,non_equivalent,"Exact frozen-source patch changes the observed behavior of commonmark_tokens_555. The baseline/mutant outputs are recorded in semantic_witnesses_v3.json for this ID; the witness uses supported parser, helper, plugin, renderer or logging behavior and is excluded from participant tests.",primary_source_review_only
Ma47185d1561aa177,non_equivalent,"Exact frozen-source patch changes the observed behavior of enabled_debug_logging. The baseline/mutant outputs are recorded in semantic_witnesses_v3.json for this ID; the witness uses supported parser, helper, plugin, renderer or logging behavior and is excluded from participant tests.",,,non_equivalent,"Exact frozen-source patch changes the observed behavior of enabled_debug_logging. The baseline/mutant outputs are recorded in semantic_witnesses_v3.json for this ID; the witness uses supported parser, helper, plugin, renderer or logging behavior and is excluded from participant tests.",primary_source_review_only
Ma66ca49020a67514,non_equivalent,"Exact frozen-source patch changes the observed behavior of public_preset_zero. The baseline/mutant outputs are recorded in semantic_witnesses_v3.json for this ID; the witness uses supported parser, helper, plugin, renderer or logging behavior and is excluded from participant tests.",,,non_equivalent,"Exact frozen-source patch changes the observed behavior of public_preset_zero. The baseline/mutant outputs are recorded in semantic_witnesses_v3.json for this ID; the witness uses supported parser, helper, plugin, renderer or logging behavior and is excluded from participant tests.",primary_source_review_only
Maaf145812182f8d7,non_equivalent,"Exact frozen-source patch changes the observed behavior of pristine constructor/import versus mutant constructor/import. The baseline/mutant outputs are recorded in semantic_witnesses_v3.json for this ID; the witness uses supported parser, helper, plugin, renderer or logging behavior and is excluded from participant tests.",,,non_equivalent,"Exact frozen-source patch changes the observed behavior of pristine constructor/import versus mutant constructor/import. The baseline/mutant outputs are recorded in semantic_witnesses_v3.json for this ID; the witness uses supported parser, helper, plugin, renderer or logging behavior and is excluded from participant tests.",primary_source_review_only
Mab698d2ab05efb93,non_equivalent,"Exact frozen-source patch changes the observed behavior of block_extension_state_4. The baseline/mutant outputs are recorded in semantic_witnesses_v3.json for this ID; the witness uses supported parser, helper, plugin, renderer or logging behavior and is excluded from participant tests.",,,non_equivalent,"Exact frozen-source patch changes the observed behavior of block_extension_state_4. The baseline/mutant outputs are recorded in semantic_witnesses_v3.json for this ID; the witness uses supported parser, helper, plugin, renderer or logging behavior and is excluded from participant tests.",primary_source_review_only
Mb00641b831603f9b,non_equivalent,"Exact frozen-source patch changes the observed behavior of preset_gfm-like_0. The baseline/mutant outputs are recorded in semantic_witnesses_v3.json for this ID; the witness uses supported parser, helper, plugin, renderer or logging behavior and is excluded from participant tests.",,,non_equivalent,"Exact frozen-source patch changes the observed behavior of preset_gfm-like_0. The baseline/mutant outputs are recorded in semantic_witnesses_v3.json for this ID; the witness uses supported parser, helper, plugin, renderer or logging behavior and is excluded from participant tests.",primary_source_review_only
Mb3667a797d011c24,non_equivalent,"Exact frozen-source patch changes the observed behavior of preset_commonmark_1. The baseline/mutant outputs are recorded in semantic_witnesses_v3.json for this ID; the witness uses supported parser, helper, plugin, renderer or logging behavior and is excluded from participant tests.",,,non_equivalent,"Exact frozen-source patch changes the observed behavior of preset_commonmark_1. The baseline/mutant outputs are recorded in semantic_witnesses_v3.json for this ID; the witness uses supported parser, helper, plugin, renderer or logging behavior and is excluded from participant tests.",primary_source_review_only
Mb3b999f73820750f,non_equivalent,"Exact frozen-source patch changes the observed behavior of preset_gfm-like2_4. The baseline/mutant outputs are recorded in semantic_witnesses_v3.json for this ID; the witness uses supported parser, helper, plugin, renderer or logging behavior and is excluded from participant tests.",,,non_equivalent,"Exact frozen-source patch changes the observed behavior of preset_gfm-like2_4. The baseline/mutant outputs are recorded in semantic_witnesses_v3.json for this ID; the witness uses supported parser, helper, plugin, renderer or logging behavior and is excluded from participant tests.",primary_source_review_only
Mb61bd2db244babdf,confirmed_equivalent,"At pos == maximum, parseLinkTitle with no continuation returns ok=False. Therefore the changed <= guard cannot admit a title at the newly included boundary; all other positions have the same condition.",,,confirmed_equivalent,"At pos == maximum, parseLinkTitle with no continuation returns ok=False. Therefore the changed <= guard cannot admit a title at the newly included boundary; all other positions have the same condition.",primary_source_review_only
Mb627fbf729f1ad61,confirmed_equivalent,"Every code point in MD_ASCII_PUNCT has Unicode category beginning P or S in the frozen runtime. Thus isMdAsciiPunct(ord(lastChar)) implies isPunctChar(lastChar), making the first operand of this or redundant. Replacing it with isMdAsciiPunct(None)=False preserves the boolean for all characters. The complete ASCII set was checked, not just rendered samples.",,,confirmed_equivalent,"Every code point in MD_ASCII_PUNCT has Unicode category beginning P or S in the frozen runtime. Thus isMdAsciiPunct(ord(lastChar)) implies isPunctChar(lastChar), making the first operand of this or redundant. Replacing it with isMdAsciiPunct(None)=False preserves the boolean for all characters. The complete ASCII set was checked, not just rendered samples.",primary_source_review_only
Mbf9d81ef53945b18,non_equivalent,"Exact frozen-source patch changes the observed behavior of public_inline_push_close. The baseline/mutant outputs are recorded in semantic_witnesses_v3.json for this ID; the witness uses supported parser, helper, plugin, renderer or logging behavior and is excluded from participant tests.",,,non_equivalent,"Exact frozen-source patch changes the observed behavior of public_inline_push_close. The baseline/mutant outputs are recorded in semantic_witnesses_v3.json for this ID; the witness uses supported parser, helper, plugin, renderer or logging behavior and is excluded from participant tests.",primary_source_review_only
Mc115e3dbe44425b0,non_equivalent,"Exact frozen-source patch changes the observed behavior of public_html_link_level. The baseline/mutant outputs are recorded in semantic_witnesses_v3.json for this ID; the witness uses supported parser, helper, plugin, renderer or logging behavior and is excluded from participant tests.",,,non_equivalent,"Exact frozen-source patch changes the observed behavior of public_html_link_level. The baseline/mutant outputs are recorded in semantic_witnesses_v3.json for this ID; the witness uses supported parser, helper, plugin, renderer or logging behavior and is excluded from participant tests.",primary_source_review_only
Mc207b89d56c780c8,non_equivalent,"Exact frozen-source patch changes the observed behavior of public_paragraph_parent. The baseline/mutant outputs are recorded in semantic_witnesses_v3.json for this ID; the witness uses supported parser, helper, plugin, renderer or logging behavior and is excluded from participant tests.",,,non_equivalent,"Exact frozen-source patch changes the observed behavior of public_paragraph_parent. The baseline/mutant outputs are recorded in semantic_witnesses_v3.json for this ID; the witness uses supported parser, helper, plugin, renderer or logging behavior and is excluded from participant tests.",primary_source_review_only
Mc309efc62e39ea84,non_equivalent,"Exact frozen-source patch changes the observed behavior of commonmark_tokens_9. The baseline/mutant outputs are recorded in semantic_witnesses_v3.json for this ID; the witness uses supported parser, helper, plugin, renderer or logging behavior and is excluded from participant tests.",,,non_equivalent,"Exact frozen-source patch changes the observed behavior of commonmark_tokens_9. The baseline/mutant outputs are recorded in semantic_witnesses_v3.json for this ID; the witness uses supported parser, helper, plugin, renderer or logging behavior and is excluded from participant tests.",primary_source_review_only
Mc6514cd8db6925db,confirmed_equivalent,The initial local start value is never read: inline destination/title paths assign start=pos before use; explicit-reference label paths assign start=pos+1 before slicing; shortcut-reference paths do not read start. The changed initialization is dead.,,,confirmed_equivalent,The initial local start value is never read: inline destination/title paths assign start=pos before use; explicit-reference label paths assign start=pos+1 before slicing; shortcut-reference paths do not read start. The changed initialization is dead.,primary_source_review_only
Mcbb95ce06b804cd4,non_equivalent,"Exact frozen-source patch changes the observed behavior of pristine constructor/import versus mutant constructor/import. The baseline/mutant outputs are recorded in semantic_witnesses_v3.json for this ID; the witness uses supported parser, helper, plugin, renderer or logging behavior and is excluded from participant tests.",,,non_equivalent,"Exact frozen-source patch changes the observed behavior of pristine constructor/import versus mutant constructor/import. The baseline/mutant outputs are recorded in semantic_witnesses_v3.json for this ID; the witness uses supported parser, helper, plugin, renderer or logging behavior and is excluded from participant tests.",primary_source_review_only
Mcd491118e2f03864,non_equivalent,"Exact frozen-source patch changes the observed behavior of commonmark_tokens_108. The baseline/mutant outputs are recorded in semantic_witnesses_v3.json for this ID; the witness uses supported parser, helper, plugin, renderer or logging behavior and is excluded from participant tests.",,,non_equivalent,"Exact frozen-source patch changes the observed behavior of commonmark_tokens_108. The baseline/mutant outputs are recorded in semantic_witnesses_v3.json for this ID; the witness uses supported parser, helper, plugin, renderer or logging behavior and is excluded from participant tests.",primary_source_review_only
Md7166e6134e66e22,confirmed_equivalent,"The no-title branch changes a local empty string to None. Later title is only tested for truth before setting an attribute; both values are false. Reference paths overwrite title with the reference value, and no local value is exposed.",,,confirmed_equivalent,"The no-title branch changes a local empty string to None. Later title is only tested for truth before setting an attribute; both values are false. Reference paths overwrite title with the reference value, and no local value is exposed.",primary_source_review_only
Md7becf709314d632,non_equivalent,"Exact frozen-source patch changes the observed behavior of preset_gfm-like2_4. The baseline/mutant outputs are recorded in semantic_witnesses_v3.json for this ID; the witness uses supported parser, helper, plugin, renderer or logging behavior and is excluded from participant tests.",,,non_equivalent,"Exact frozen-source patch changes the observed behavior of preset_gfm-like2_4. The baseline/mutant outputs are recorded in semantic_witnesses_v3.json for this ID; the witness uses supported parser, helper, plugin, renderer or logging behavior and is excluded from participant tests.",primary_source_review_only
Mdabbc21fa2a0b38b,non_equivalent,"Exact frozen-source patch changes the observed behavior of supported_custom_renderer_attrs. The baseline/mutant outputs are recorded in semantic_witnesses_v3.json for this ID; the witness uses supported parser, helper, plugin, renderer or logging behavior and is excluded from participant tests.",,,non_equivalent,"Exact frozen-source patch changes the observed behavior of supported_custom_renderer_attrs. The baseline/mutant outputs are recorded in semantic_witnesses_v3.json for this ID; the witness uses supported parser, helper, plugin, renderer or logging behavior and is excluded from participant tests.",primary_source_review_only
Mde238a44a9efd470,non_equivalent,"Exact frozen-source patch changes the observed behavior of enabled_debug_logging. The baseline/mutant outputs are recorded in semantic_witnesses_v3.json for this ID; the witness uses supported parser, helper, plugin, renderer or logging behavior and is excluded from participant tests.",,,non_equivalent,"Exact frozen-source patch changes the observed behavior of enabled_debug_logging. The baseline/mutant outputs are recorded in semantic_witnesses_v3.json for this ID; the witness uses supported parser, helper, plugin, renderer or logging behavior and is excluded from participant tests.",primary_source_review_only
Me0c4beabbc936ad3,non_equivalent,"Exact frozen-source patch changes the observed behavior of commonmark_tokens_3. The baseline/mutant outputs are recorded in semantic_witnesses_v3.json for this ID; the witness uses supported parser, helper, plugin, renderer or logging behavior and is excluded from participant tests.",,,non_equivalent,"Exact frozen-source patch changes the observed behavior of commonmark_tokens_3. The baseline/mutant outputs are recorded in semantic_witnesses_v3.json for this ID; the witness uses supported parser, helper, plugin, renderer or logging behavior and is excluded from participant tests.",primary_source_review_only
Me15d05887f799256,non_equivalent,"Exact frozen-source patch changes the observed behavior of enabled_debug_logging. The baseline/mutant outputs are recorded in semantic_witnesses_v3.json for this ID; the witness uses supported parser, helper, plugin, renderer or logging behavior and is excluded from participant tests.",,,non_equivalent,"Exact frozen-source patch changes the observed behavior of enabled_debug_logging. The baseline/mutant outputs are recorded in semantic_witnesses_v3.json for this ID; the witness uses supported parser, helper, plugin, renderer or logging behavior and is excluded from participant tests.",primary_source_review_only
Me1aa07e29d519375,non_equivalent,"Exact frozen-source patch changes the observed behavior of enabled_debug_logging. The baseline/mutant outputs are recorded in semantic_witnesses_v3.json for this ID; the witness uses supported parser, helper, plugin, renderer or logging behavior and is excluded from participant tests.",,,non_equivalent,"Exact frozen-source patch changes the observed behavior of enabled_debug_logging. The baseline/mutant outputs are recorded in semantic_witnesses_v3.json for this ID; the witness uses supported parser, helper, plugin, renderer or logging behavior and is excluded from participant tests.",primary_source_review_only
Me3bf9bd983c49ca6,confirmed_equivalent,"component is a preset dict. dict.get(rules2) and dict.get(rules2, None) have identical values for missing and present keys, so rule selection is unchanged.",,,confirmed_equivalent,"component is a preset dict. dict.get(rules2) and dict.get(rules2, None) have identical values for missing and present keys, so rule selection is unchanged.",primary_source_review_only
Me95238a3a863b9ad,non_equivalent,"Exact frozen-source patch changes the observed behavior of commonmark_tokens_238. The baseline/mutant outputs are recorded in semantic_witnesses_v3.json for this ID; the witness uses supported parser, helper, plugin, renderer or logging behavior and is excluded from participant tests.",,,non_equivalent,"Exact frozen-source patch changes the observed behavior of commonmark_tokens_238. The baseline/mutant outputs are recorded in semantic_witnesses_v3.json for this ID; the witness uses supported parser, helper, plugin, renderer or logging behavior and is excluded from participant tests.",primary_source_review_only
Mea55feaa045e85a8,non_equivalent,"Exact frozen-source patch changes the observed behavior of commonmark_tokens_14. The baseline/mutant outputs are recorded in semantic_witnesses_v3.json for this ID; the witness uses supported parser, helper, plugin, renderer or logging behavior and is excluded from participant tests.",,,non_equivalent,"Exact frozen-source patch changes the observed behavior of commonmark_tokens_14. The baseline/mutant outputs are recorded in semantic_witnesses_v3.json for this ID; the witness uses supported parser, helper, plugin, renderer or logging behavior and is excluded from participant tests.",primary_source_review_only
Meb7e0fbebc7ebf82,non_equivalent,"Exact frozen-source patch changes the observed behavior of public_duplicate_reference_env. The baseline/mutant outputs are recorded in semantic_witnesses_v3.json for this ID; the witness uses supported parser, helper, plugin, renderer or logging behavior and is excluded from participant tests.",,,non_equivalent,"Exact frozen-source patch changes the observed behavior of public_duplicate_reference_env. The baseline/mutant outputs are recorded in semantic_witnesses_v3.json for this ID; the witness uses supported parser, helper, plugin, renderer or logging behavior and is excluded from participant tests.",primary_source_review_only
Mec265c7347049524,non_equivalent,"Exact frozen-source patch changes the observed behavior of pristine constructor/import versus mutant constructor/import. The baseline/mutant outputs are recorded in semantic_witnesses_v3.json for this ID; the witness uses supported parser, helper, plugin, renderer or logging behavior and is excluded from participant tests.",,,non_equivalent,"Exact frozen-source patch changes the observed behavior of pristine constructor/import versus mutant constructor/import. The baseline/mutant outputs are recorded in semantic_witnesses_v3.json for this ID; the witness uses supported parser, helper, plugin, renderer or logging behavior and is excluded from participant tests.",primary_source_review_only
Mec560abf71f5d27b,non_equivalent,"Exact frozen-source patch changes the observed behavior of commonmark_tokens_21. The baseline/mutant outputs are recorded in semantic_witnesses_v3.json for this ID; the witness uses supported parser, helper, plugin, renderer or logging behavior and is excluded from participant tests.",,,non_equivalent,"Exact frozen-source patch changes the observed behavior of commonmark_tokens_21. The baseline/mutant outputs are recorded in semantic_witnesses_v3.json for this ID; the witness uses supported parser, helper, plugin, renderer or logging behavior and is excluded from participant tests.",primary_source_review_only
Mee614a86852b35cc,non_equivalent,"Exact frozen-source patch changes the observed behavior of enabled_debug_logging. The baseline/mutant outputs are recorded in semantic_witnesses_v3.json for this ID; the witness uses supported parser, helper, plugin, renderer or logging behavior and is excluded from participant tests.",,,non_equivalent,"Exact frozen-source patch changes the observed behavior of enabled_debug_logging. The baseline/mutant outputs are recorded in semantic_witnesses_v3.json for this ID; the witness uses supported parser, helper, plugin, renderer or logging behavior and is excluded from participant tests.",primary_source_review_only
Meeb5af80009d7651,confirmed_equivalent,"For valid getLines ranges, the loop iterates exactly end-begin times and assigns every queue index (i-1), in both tab-expansion and normal branches, before joining. The initial filler is never read. begin >= end returns before allocation; an exception before completion never exposes the local queue.",,,confirmed_equivalent,"For valid getLines ranges, the loop iterates exactly end-begin times and assigns every queue index (i-1), in both tab-expansion and normal branches, before joining. The initial filler is never read. begin >= end returns before allocation; an exception before completion never exposes the local queue.",primary_source_review_only
Mf07230a5f3181be6,confirmed_equivalent,"For a valid StateBlock source line, pos == eMarks is either a newline (so ch != # already returns False) or end-of-source (the identical preceding indexing raises). A # character can occur only before eMarks. The newly admitted equality cannot change successful heading behavior.",,,confirmed_equivalent,"For a valid StateBlock source line, pos == eMarks is either a newline (so ch != # already returns False) or end-of-source (the identical preceding indexing raises). A # character can occur only before eMarks. The newly admitted equality cannot change successful heading behavior.",primary_source_review_only
Mf27ce289b96f8f54,non_equivalent,"Exact frozen-source patch changes the observed behavior of enabled_debug_logging. The baseline/mutant outputs are recorded in semantic_witnesses_v3.json for this ID; the witness uses supported parser, helper, plugin, renderer or logging behavior and is excluded from participant tests.",,,non_equivalent,"Exact frozen-source patch changes the observed behavior of enabled_debug_logging. The baseline/mutant outputs are recorded in semantic_witnesses_v3.json for this ID; the witness uses supported parser, helper, plugin, renderer or logging behavior and is excluded from participant tests.",primary_source_review_only
Mf397e405837b1661,non_equivalent,"Exact frozen-source patch changes the observed behavior of ruler_enable_missing_false. The baseline/mutant outputs are recorded in semantic_witnesses_v3.json for this ID; the witness uses supported parser, helper, plugin, renderer or logging behavior and is excluded from participant tests.",,,non_equivalent,"Exact frozen-source patch changes the observed behavior of ruler_enable_missing_false. The baseline/mutant outputs are recorded in semantic_witnesses_v3.json for this ID; the witness uses supported parser, helper, plugin, renderer or logging behavior and is excluded from participant tests.",primary_source_review_only
Mf72b447f48945e6b,non_equivalent,"Exact frozen-source patch changes the observed behavior of boundary_render_[x\a]: /url
next
. The baseline/mutant outputs are recorded in semantic_witnesses_v3.json for this ID; the witness uses supported parser, helper, plugin, renderer or logging behavior and is excluded from participant tests.",,,non_equivalent,"Exact frozen-source patch changes the observed behavior of boundary_render_[x\a]: /url
next
. The baseline/mutant outputs are recorded in semantic_witnesses_v3.json for this ID; the witness uses supported parser, helper, plugin, renderer or logging behavior and is excluded from participant tests.",primary_source_review_only
Mfae67306b97bc220,non_equivalent,"Exact frozen-source patch changes the observed behavior of commonmark_tokens_108. The baseline/mutant outputs are recorded in semantic_witnesses_v3.json for this ID; the witness uses supported parser, helper, plugin, renderer or logging behavior and is excluded from participant tests.",,,non_equivalent,"Exact frozen-source patch changes the observed behavior of commonmark_tokens_108. The baseline/mutant outputs are recorded in semantic_witnesses_v3.json for this ID; the witness uses supported parser, helper, plugin, renderer or logging behavior and is excluded from participant tests.",primary_source_review_only
Mfb5fea0d3d3b32ea,non_equivalent,"Exact frozen-source patch changes the observed behavior of highlight_pre_override. The baseline/mutant outputs are recorded in semantic_witnesses_v3.json for this ID; the witness uses supported parser, helper, plugin, renderer or logging behavior and is excluded from participant tests.",,,non_equivalent,"Exact frozen-source patch changes the observed behavior of highlight_pre_override. The baseline/mutant outputs are recorded in semantic_witnesses_v3.json for this ID; the witness uses supported parser, helper, plugin, renderer or logging behavior and is excluded from participant tests.",primary_source_review_only
