participant_id,participant_number,status,catalog_hash,baseline_valid_only_passed,valid_tests_included,invalid_tests_excluded,specified_catalog_total,specified_killed,specified_survived,specified_no_tests,specified_timeout,specified_eligible_mutants,specified_eligible_killed,specified_raw_mutation_score,specified_estimated_equivalent,specified_estimated_adjusted_score,specified_estimated_ci95_lower,specified_estimated_ci95_upper,specified_interval_half_width,specified_stopping_interval_half_width,extended_catalog_total,extended_killed,extended_survived,extended_no_tests,extended_timeout,extended_eligible_mutants,extended_eligible_killed,extended_raw_mutation_score,extended_estimated_equivalent,extended_estimated_adjusted_score,extended_estimated_ci95_lower,extended_estimated_ci95_upper,extended_interval_half_width,extended_stopping_interval_half_width,combined_catalog_total,combined_killed,combined_survived,combined_no_tests,combined_timeout,combined_eligible_mutants,combined_eligible_killed,combined_raw_mutation_score,combined_estimated_equivalent,combined_estimated_adjusted_score,combined_estimated_ci95_lower,combined_estimated_ci95_upper,combined_interval_half_width,combined_stopping_interval_half_width,reviewed_sample_size,sampling_seed,weighting_method,confidence_level,review_artifact_hash,reviewed_catalog_artifact_hash,decision_status_hash,participant_matrix_hash,automatic_witness_count,confirmed_equivalent_sample_count,unresolved_sample_count,target_half_width,stopping_interval_method,stopping_confidence_level,current_look,next_planned_sample_size,all_primary_intervals_within_target
experiment-01,1,collected,ab4b3d2e06e961673a865c12dffbe5ea82e3ca405ec29cdb813366b44bb74462,True,5,0,4722,2973,1328,262,159,4563,2973,0.6515450361604208,214.88502673796788,0.683744569378211,0.6588792718905601,0.7105602434951208,0.025840485802280377,0.03295949083289357,3,0,3,0,0,3,0,0,0,0,0,0,0,0,4725,2973,1331,262,159,4566,2973,0.6511169513797634,214.88502673796788,0.6832731422335045,0.6584414984747199,0.7100511273478531,0.025804814436566625,0.03291395160028343,100,20260915,stratified_horvitz_thompson_worst_case_fpc_normal_ci,0.95,7fccc6f69321b576821e5d690f726b4c4b6a781c5f99fdf47b2cda6a7c0a89aa,9b5b6e223496f3f5b827bdc5d9f5afaa19e8bc023e544e7159be4528601bf5ef,5945c0985b6c402b50d9d3abf2dce0aaaa08d381603628ad424da32130056156,699c251f8316fc2ba953d2aa742ca4bd31e6cc26d7c18076f43df6656bfb8cc9,3041,12,0,0.05,bonferroni_across_looks,0.9875,1,,True
experiment-02,2,collected,ab4b3d2e06e961673a865c12dffbe5ea82e3ca405ec29cdb813366b44bb74462,True,5,0,4722,2991,1309,262,160,4562,2991,0.6556334940815431,214.88502673796788,0.6880425335876458,0.663015388268059,0.7150332198024474,0.02600891576719422,0.03317433655155,3,0,3,0,0,3,0,0,0,0,0,0,0,0,4725,2991,1312,262,160,4565,2991,0.6552026286966046,214.88502673796788,0.6875680340368409,0.6625747691428635,0.7145207763808312,0.02597300361898386,0.03312848989052963,100,20260915,stratified_horvitz_thompson_worst_case_fpc_normal_ci,0.95,7fccc6f69321b576821e5d690f726b4c4b6a781c5f99fdf47b2cda6a7c0a89aa,9b5b6e223496f3f5b827bdc5d9f5afaa19e8bc023e544e7159be4528601bf5ef,5945c0985b6c402b50d9d3abf2dce0aaaa08d381603628ad424da32130056156,699c251f8316fc2ba953d2aa742ca4bd31e6cc26d7c18076f43df6656bfb8cc9,3041,12,0,0.05,bonferroni_across_looks,0.9875,1,,True
experiment-03,3,collected,ab4b3d2e06e961673a865c12dffbe5ea82e3ca405ec29cdb813366b44bb74462,True,5,0,4722,3006,1295,262,159,4563,3006,0.6587771203155819,214.88502673796788,0.6913340651028935,0.6661927653222414,0.7184473904965802,0.026127312587169438,0.033325337855256654,3,0,3,0,0,3,0,0,0,0,0,0,0,0,4725,3006,1298,262,159,4566,3006,0.6583442838370565,214.88502673796788,0.6908574051644516,0.6657501326656603,0.7179326232114519,0.026091245272895802,0.03327929314175987,100,20260915,stratified_horvitz_thompson_worst_case_fpc_normal_ci,0.95,7fccc6f69321b576821e5d690f726b4c4b6a781c5f99fdf47b2cda6a7c0a89aa,9b5b6e223496f3f5b827bdc5d9f5afaa19e8bc023e544e7159be4528601bf5ef,5945c0985b6c402b50d9d3abf2dce0aaaa08d381603628ad424da32130056156,699c251f8316fc2ba953d2aa742ca4bd31e6cc26d7c18076f43df6656bfb8cc9,3041,12,0,0.05,bonferroni_across_looks,0.9875,1,,True
experiment-04,4,collected,ab4b3d2e06e961673a865c12dffbe5ea82e3ca405ec29cdb813366b44bb74462,True,0,5,4722,0,0,4722,0,4722,0,0,214.88502673796788,0,0,0,0,0,3,0,0,3,0,3,0,0,0,0,0,0,0,0,4725,0,0,4725,0,4725,0,0,214.88502673796788,0,0,0,0,0,100,20260915,stratified_horvitz_thompson_worst_case_fpc_normal_ci,0.95,7fccc6f69321b576821e5d690f726b4c4b6a781c5f99fdf47b2cda6a7c0a89aa,9b5b6e223496f3f5b827bdc5d9f5afaa19e8bc023e544e7159be4528601bf5ef,5945c0985b6c402b50d9d3abf2dce0aaaa08d381603628ad424da32130056156,699c251f8316fc2ba953d2aa742ca4bd31e6cc26d7c18076f43df6656bfb8cc9,3041,12,0,0.05,bonferroni_across_looks,0.9875,1,,True
experiment-05,5,collected,ab4b3d2e06e961673a865c12dffbe5ea82e3ca405ec29cdb813366b44bb74462,True,5,0,4722,2979,1285,288,170,4552,2979,0.6544376098418277,214.88502673796788,0.6868621234081405,0.6618224092500441,0.7138710722516383,0.026024331500797082,0.03319413606519944,3,0,3,0,0,3,0,0,0,0,0,0,0,0,4725,2979,1288,288,170,4555,2979,0.6540065861690451,214.88502673796788,0.6863873464994827,0.6613816064623074,0.7133582365927702,0.025988315065231415,0.03314815588891867,100,20260915,stratified_horvitz_thompson_worst_case_fpc_normal_ci,0.95,7fccc6f69321b576821e5d690f726b4c4b6a781c5f99fdf47b2cda6a7c0a89aa,9b5b6e223496f3f5b827bdc5d9f5afaa19e8bc023e544e7159be4528601bf5ef,5945c0985b6c402b50d9d3abf2dce0aaaa08d381603628ad424da32130056156,699c251f8316fc2ba953d2aa742ca4bd31e6cc26d7c18076f43df6656bfb8cc9,3041,12,0,0.05,bonferroni_across_looks,0.9875,1,,True
experiment-06,6,collected,ab4b3d2e06e961673a865c12dffbe5ea82e3ca405ec29cdb813366b44bb74462,True,0,1,4722,0,0,4722,0,4722,0,0,214.88502673796788,0,0,0,0,0,3,0,0,3,0,3,0,0,0,0,0,0,0,0,4725,0,0,4725,0,4725,0,0,214.88502673796788,0,0,0,0,0,100,20260915,stratified_horvitz_thompson_worst_case_fpc_normal_ci,0.95,7fccc6f69321b576821e5d690f726b4c4b6a781c5f99fdf47b2cda6a7c0a89aa,9b5b6e223496f3f5b827bdc5d9f5afaa19e8bc023e544e7159be4528601bf5ef,5945c0985b6c402b50d9d3abf2dce0aaaa08d381603628ad424da32130056156,699c251f8316fc2ba953d2aa742ca4bd31e6cc26d7c18076f43df6656bfb8cc9,3041,12,0,0.05,bonferroni_across_looks,0.9875,1,,True
experiment-07,7,collected,ab4b3d2e06e961673a865c12dffbe5ea82e3ca405ec29cdb813366b44bb74462,True,5,0,4722,3009,1289,262,162,4560,3009,0.6598684210526315,214.88502673796788,0.6925018137646739,0.6673012923267927,0.7196804243422457,0.026189566007726484,0.033404783137440275,3,0,3,0,0,3,0,0,0,0,0,0,0,0,4725,3009,1292,262,162,4563,3009,0.6594345825115056,214.88502673796788,0.6920240192596828,0.6668576283614851,0.7191644038603493,0.0261533877494321,0.033358596675471475,100,20260915,stratified_horvitz_thompson_worst_case_fpc_normal_ci,0.95,7fccc6f69321b576821e5d690f726b4c4b6a781c5f99fdf47b2cda6a7c0a89aa,9b5b6e223496f3f5b827bdc5d9f5afaa19e8bc023e544e7159be4528601bf5ef,5945c0985b6c402b50d9d3abf2dce0aaaa08d381603628ad424da32130056156,699c251f8316fc2ba953d2aa742ca4bd31e6cc26d7c18076f43df6656bfb8cc9,3041,12,0,0.05,bonferroni_across_looks,0.9875,1,,True
experiment-08,8,collected,ab4b3d2e06e961673a865c12dffbe5ea82e3ca405ec29cdb813366b44bb74462,True,1,1,4722,1790,2405,424,103,4619,1790,0.3875297683481273,214.88502673796788,0.40643807231812246,0.39183859213327693,0.4221675775449995,0.015164492705861288,0.019341845832802296,3,0,2,1,0,3,0,0,0,0,0,0,0,0,4725,1790,2407,425,103,4622,1790,0.38727823453050625,214.88502673796788,0.40616140283607993,0.3915814356219256,0.42186908684594665,0.015143825612010525,0.01931546273273463,100,20260915,stratified_horvitz_thompson_worst_case_fpc_normal_ci,0.95,7fccc6f69321b576821e5d690f726b4c4b6a781c5f99fdf47b2cda6a7c0a89aa,9b5b6e223496f3f5b827bdc5d9f5afaa19e8bc023e544e7159be4528601bf5ef,5945c0985b6c402b50d9d3abf2dce0aaaa08d381603628ad424da32130056156,699c251f8316fc2ba953d2aa742ca4bd31e6cc26d7c18076f43df6656bfb8cc9,3041,12,0,0.05,bonferroni_across_looks,0.9875,1,,True
experiment-09,9,collected,ab4b3d2e06e961673a865c12dffbe5ea82e3ca405ec29cdb813366b44bb74462,True,3,2,4722,362,2455,1892,13,4709,362,0.0768740709280102,214.88502673796788,0.08054978614337585,0.07771229578808488,0.08360233819985807,0.0029450212058865985,0.0037561548366894446,3,0,2,1,0,3,0,0,0,0,0,0,0,0,4725,362,2457,1893,13,4712,362,0.0768251273344652,214.88502673796788,0.08049605183596613,0.07766227937350269,0.08354445550518513,0.002941088065841223,0.003751134233328006,100,20260915,stratified_horvitz_thompson_worst_case_fpc_normal_ci,0.95,7fccc6f69321b576821e5d690f726b4c4b6a781c5f99fdf47b2cda6a7c0a89aa,9b5b6e223496f3f5b827bdc5d9f5afaa19e8bc023e544e7159be4528601bf5ef,5945c0985b6c402b50d9d3abf2dce0aaaa08d381603628ad424da32130056156,699c251f8316fc2ba953d2aa742ca4bd31e6cc26d7c18076f43df6656bfb8cc9,3041,12,0,0.05,bonferroni_across_looks,0.9875,1,,True
experiment-10,10,collected,ab4b3d2e06e961673a865c12dffbe5ea82e3ca405ec29cdb813366b44bb74462,True,5,0,4722,2994,1303,262,163,4559,2994,0.6567229655626233,214.88502673796788,0.6892082779641029,0.664122046768524,0.7162640982821125,0.02607102575679421,0.03325359876240869,3,0,3,0,0,3,0,0,0,0,0,0,0,0,4725,2994,1306,262,163,4562,2994,0.6562911003945638,214.88502673796788,0.6887326464598501,0.6636803986875857,0.7157504045765722,0.02603500294449329,0.033207610710578594,100,20260915,stratified_horvitz_thompson_worst_case_fpc_normal_ci,0.95,7fccc6f69321b576821e5d690f726b4c4b6a781c5f99fdf47b2cda6a7c0a89aa,9b5b6e223496f3f5b827bdc5d9f5afaa19e8bc023e544e7159be4528601bf5ef,5945c0985b6c402b50d9d3abf2dce0aaaa08d381603628ad424da32130056156,699c251f8316fc2ba953d2aa742ca4bd31e6cc26d7c18076f43df6656bfb8cc9,3041,12,0,0.05,bonferroni_across_looks,0.9875,1,,True
experiment-11,11,collected,ab4b3d2e06e961673a865c12dffbe5ea82e3ca405ec29cdb813366b44bb74462,True,656,0,4722,3023,1294,262,143,4579,3023,0.6601878139331732,214.88502673796788,0.6926948576105929,0.667593080068928,0.7197580601031411,0.026082490017106552,0.03326794954975043,3,0,3,0,0,3,0,0,0,0,0,0,0,0,4725,3023,1297,262,143,4582,3023,0.6597555652553471,214.88502673796788,0.692219009233448,0.6671510832645471,0.7192443169067035,0.026046616821078228,0.03322215325133654,100,20260915,stratified_horvitz_thompson_worst_case_fpc_normal_ci,0.95,7fccc6f69321b576821e5d690f726b4c4b6a781c5f99fdf47b2cda6a7c0a89aa,9b5b6e223496f3f5b827bdc5d9f5afaa19e8bc023e544e7159be4528601bf5ef,5945c0985b6c402b50d9d3abf2dce0aaaa08d381603628ad424da32130056156,699c251f8316fc2ba953d2aa742ca4bd31e6cc26d7c18076f43df6656bfb8cc9,3041,12,0,0.05,bonferroni_across_looks,0.9875,1,,True
experiment-12,12,collected,ab4b3d2e06e961673a865c12dffbe5ea82e3ca405ec29cdb813366b44bb74462,True,5,0,4722,3006,1295,262,159,4563,3006,0.6587771203155819,214.88502673796788,0.6913340651028935,0.6661927653222414,0.7184473904965802,0.026127312587169438,0.033325337855256654,3,0,3,0,0,3,0,0,0,0,0,0,0,0,4725,3006,1298,262,159,4566,3006,0.6583442838370565,214.88502673796788,0.6908574051644516,0.6657501326656603,0.7179326232114519,0.026091245272895802,0.03327929314175987,100,20260915,stratified_horvitz_thompson_worst_case_fpc_normal_ci,0.95,7fccc6f69321b576821e5d690f726b4c4b6a781c5f99fdf47b2cda6a7c0a89aa,9b5b6e223496f3f5b827bdc5d9f5afaa19e8bc023e544e7159be4528601bf5ef,5945c0985b6c402b50d9d3abf2dce0aaaa08d381603628ad424da32130056156,699c251f8316fc2ba953d2aa742ca4bd31e6cc26d7c18076f43df6656bfb8cc9,3041,12,0,0.05,bonferroni_across_looks,0.9875,1,,True
experiment-14,14,collected,ab4b3d2e06e961673a865c12dffbe5ea82e3ca405ec29cdb813366b44bb74462,True,3,1,4722,1814,2410,391,107,4615,1814,0.39306608884073674,214.88502673796788,0.4122619547496024,0.3974402993962314,0.42823191518864784,0.01539580789620823,0.019636912325654926,3,0,3,0,0,3,0,0,0,0,0,0,0,0,4725,1814,2413,391,107,4618,1814,0.3928107405803378,214.88502673796788,0.4119810659080075,0.3971792381470751,0.42792885103521355,0.015374806444069217,0.01961010230736862,100,20260915,stratified_horvitz_thompson_worst_case_fpc_normal_ci,0.95,7fccc6f69321b576821e5d690f726b4c4b6a781c5f99fdf47b2cda6a7c0a89aa,9b5b6e223496f3f5b827bdc5d9f5afaa19e8bc023e544e7159be4528601bf5ef,5945c0985b6c402b50d9d3abf2dce0aaaa08d381603628ad424da32130056156,699c251f8316fc2ba953d2aa742ca4bd31e6cc26d7c18076f43df6656bfb8cc9,3041,12,0,0.05,bonferroni_across_looks,0.9875,1,,True
experiment-16,16,collected,ab4b3d2e06e961673a865c12dffbe5ea82e3ca405ec29cdb813366b44bb74462,True,4,1,4722,2239,2010,295,178,4544,2239,0.492737676056338,214.88502673796788,0.5171957810843011,0.49830772207055984,0.5375721343871496,0.019632206158294863,0.025041038381057118,3,0,2,1,0,3,0,0,0,0,0,0,0,0,4725,2239,2012,296,178,4547,2239,0.4924125797228942,214.88502673796788,0.5168376217665477,0.4979752367121138,0.5371852083500608,0.01960498581897349,0.025006287460408394,100,20260915,stratified_horvitz_thompson_worst_case_fpc_normal_ci,0.95,7fccc6f69321b576821e5d690f726b4c4b6a781c5f99fdf47b2cda6a7c0a89aa,9b5b6e223496f3f5b827bdc5d9f5afaa19e8bc023e544e7159be4528601bf5ef,5945c0985b6c402b50d9d3abf2dce0aaaa08d381603628ad424da32130056156,699c251f8316fc2ba953d2aa742ca4bd31e6cc26d7c18076f43df6656bfb8cc9,3041,12,0,0.05,bonferroni_across_looks,0.9875,1,,True
